trigger_number,Ep,E_Ep,e_Ep,z,E_z,e_z,Lum,E_Lum,e_Lum
105,141.4,7.5,7.8,1.26,0.1,0.11,2.39E+52,4.30E+51,5.20E+51
109,385.4,18.8,20.7,1.98,0.17,0.2,3.10E+53,6.00E+52,8.20E+52
111,97.2,20.6,21.7,11.23,6.51,33.87,3.32E+53,2.87E+53,6.72E+54
130,182.2,7.1,7.4,5.17,0.57,0.68,2.97E+53,7.10E+52,9.90E+52
133,73.9,28.3,25.4,4.53,2.89,9.47,3.92E+52,3.58E+52,4.82E+53
143,620.8,10.5,10.8,1.36,0.03,0.04,5.04E+53,3.10E+52,3.30E+52
160,207.9,15.2,16.5,4.39,0.78,1.1,2.94E+53,1.10E+53,2.03E+53
179,198.2,27.6,29.4,8.46,3.41,8.12,8.24E+53,5.74E+53,2.93E+54
219,20.9,9.6,9.2,0.11,0.05,0.05,1.27E+50,9.40E+49,1.58E+50
222,280.7,45.3,41.1,9.7,4.55,10.46,2.12E+54,1.62E+54,8.76E+54
228,42.1,21.9,14.9,1.09,0.65,0.65,1.82E+51,1.62E+51,3.90E+51
249,261.1,10,10.5,1.05,0.06,0.06,6.75E+52,8.30E+51,9.90E+51
332,84,14.8,17.3,3.88,1.38,2.9,3.95E+52,2.56E+52,1.07E+53
351,59.4,26.1,40.5,1.07,0.56,1.47,3.56E+51,2.96E+51,2.58E+52
394,323.6,8.8,9,7.3,0.68,0.8,1.69E+54,3.40E+53,4.60E+53
398,122.9,34.6,39.7,5.11,2.79,11.11,1.32E+53,1.12E+53,1.71E+54
408,75.1,13.2,14,2.34,0.68,1.03,1.47E+52,8.40E+51,2.08E+52
451,134.4,7.8,8.3,0.76,0.05,0.06,1.32E+52,2.20E+51,2.70E+51
467,311.3,22.9,25.6,7.22,1.65,2.69,1.54E+54,6.90E+53,1.63E+54
469,227.8,84.9,166.6,3.16,1.81,25.84,2.11E+53,1.84E+53,3.26E+55
493,144.2,33,25.4,11.94,7.34,22.92,8.16E+53,7.25E+53,7.86E+54
501,72.5,6.7,10.2,2.4,0.4,0.77,1.43E+52,5.10E+51,1.37E+52
503,494.7,52.3,65.1,6.1,1.74,3.65,2.90E+54,1.58E+54,5.60E+54
543,253,8.3,8.7,2.54,0.16,0.18,1.88E+53,2.80E+52,3.50E+52
548,158.3,12.5,13.4,10.1,2.86,5.08,7.24E+53,3.86E+53,1.09E+54
577,117,27.2,36.2,5.58,2.76,12.48,1.39E+53,1.11E+53,1.86E+54
647,200.6,5.9,6,3.11,0.2,0.22,1.59E+53,2.30E+52,2.80E+52
658,88.1,31.2,25.4,3.91,2.29,4.96,4.39E+52,3.87E+52,2.51E+53
659,62.2,15.6,1.6,2.82,1.18,0.16,1.33E+52,9.70E+51,1.90E+51
660,282.8,24.1,27.2,9.23,2.66,5.11,1.96E+54,1.06E+54,3.34E+54
676,321.1,9.9,10.1,9.69,1.19,1.47,2.76E+54,7.10E+53,1.04E+54
680,82.1,26,30,4.33,2.43,9.59,4.49E+52,3.87E+52,6.12E+53
692,107.1,21.9,25,9.65,5.23,25.63,3.05E+53,2.55E+53,5.09E+54
704,132.7,13.6,30.5,3.69,0.82,3.1,9.09E+52,4.10E+52,2.88E+53
764,100.6,29.6,11.4,5.93,3.46,2.85,1.14E+53,1.00E+53,1.68E+53
773,70.9,9.9,21.4,2.25,0.53,1.79,1.24E+52,6.00E+51,3.82E+52
795,109.3,31.7,32.6,6.95,4.2,20.01,1.77E+53,1.57E+53,3.52E+54
825,71.1,27.8,36.9,3.21,1.91,9.82,2.10E+52,1.87E+52,5.19E+53
829,127.7,1.2,0.8,1.85,0.03,0.02,3.11E+52,1.30E+51,8.00E+50
841,102.2,11.1,12.8,1.3,0.2,0.26,1.30E+52,4.40E+51,7.50E+51
869,235.2,25.8,28.7,8.03,2.66,5.5,1.06E+54,6.40E+53,2.39E+54
907,211.9,7.1,7.4,4.98,0.47,0.55,3.77E+53,7.80E+52,1.05E+53
914,88.8,16.3,17.3,1.7,0.46,0.64,1.35E+52,7.30E+51,1.60E+52
973,289.4,11.4,11.9,4.72,0.5,0.6,6.44E+53,1.48E+53,2.08E+53
999,262.8,16.1,17.8,1.72,0.17,0.21,1.20E+53,2.70E+52,3.80E+52
1025,153.2,7.1,7.5,1.18,0.08,0.09,2.62E+52,4.00E+51,5.00E+51
1036,99.7,28.7,33.2,3.14,1.51,3.97,4.00E+52,3.18E+52,2.33E+53
1039,93.9,3.5,3.8,5.51,0.6,0.76,8.78E+52,2.09E+52,3.08E+52
1042,47.9,6.4,7.4,1.3,0.24,0.33,2.85E+51,1.14E+51,2.11E+51
1085,227.2,1.8,1.9,0.93,0.01,0.01,4.50E+52,1.20E+51,1.20E+51
1114,106.2,7.6,8.1,4.29,0.75,1,7.39E+52,2.69E+52,4.72E+52
1122,170.7,4.5,4.7,1.54,0.07,0.07,4.42E+52,4.40E+51,5.00E+51
1141,417.6,9.6,9.9,6.25,0.46,0.52,2.15E+54,3.50E+53,4.40E+53
1145,77.7,48.2,28.6,2.56,1.96,3.07,1.80E+52,1.75E+52,9.87E+52
1148,191.6,39.1,33.7,9.77,5.31,14.63,9.98E+53,8.36E+53,6.69E+54
1150,66.5,3,3.6,1.54,0.11,0.14,6.71E+51,1.10E+51,1.57E+51
1156,87.6,29.5,33,6.93,4.55,38.83,1.13E+53,1.04E+53,7.35E+54
1157,236.8,9.1,9.5,1.82,0.12,0.13,1.05E+53,1.60E+52,1.90E+52
1159,254.4,20.1,23.1,9.96,2.8,5.45,1.82E+54,9.70E+53,3.04E+54
1190,121.9,11.7,12.5,2.67,0.48,0.64,4.70E+52,1.80E+52,3.18E+52
1197,92.3,39.8,32.6,3.7,2.42,6.25,4.43E+52,4.09E+52,3.95E+53
1200,90.1,11.6,18.3,3.98,1.11,3.01,4.72E+52,2.56E+52,1.29E+53
1218,116.1,5,5,11.11,1.98,2.64,4.64E+53,1.67E+53,2.85E+53
1235,122.1,9.9,11.5,2.25,0.32,0.44,3.70E+52,1.17E+52,2.02E+52
1244,30.7,23.9,39,0.85,0.69,2.47,7.55E+50,7.40E+50,2.05E+52
1288,354.7,22.8,24.3,9.29,2.13,3.34,3.13E+54,1.41E+54,3.14E+54
1303,195.5,52.9,31.6,11,7.21,16.12,1.29E+54,1.18E+54,8.27E+54
1384,103.5,20.7,15.1,8.14,4.13,7.34,2.10E+53,1.70E+53,6.87E+53
1396,105.9,24.3,23.5,4.05,1.78,3.53,6.70E+52,5.04E+52,2.22E+53
1406,106.9,13.4,10.8,1.91,0.39,0.37,2.28E+52,9.70E+51,1.23E+52
1416,104.3,28.7,32.4,2.96,1.34,3.15,4.00E+52,3.08E+52,1.81E+53
1419,145.6,27.3,32.5,2.31,0.71,1.27,5.46E+52,3.24E+52,1.02E+53
1425,185.9,8.9,9.3,2.19,0.19,0.21,8.23E+52,1.63E+52,2.11E+52
1432,62.3,16,22.5,2.91,1.25,3.88,1.39E+52,1.04E+52,8.85E+52
1440,271.2,6.5,6.7,2.52,0.12,0.13,2.14E+53,2.40E+52,2.80E+52
1443,163.3,25.1,29,3.47,1.06,1.95,1.25E+53,7.30E+52,2.32E+53
1467,140.8,30.3,47.6,2.33,0.81,2.25,5.15E+52,3.34E+52,2.08E+53
1472,142.7,19.5,21.7,9.64,4.04,10.99,5.41E+53,3.86E+53,2.42E+54
1533,149.9,23.2,25.3,3.28,0.98,1.65,9.68E+52,5.57E+52,1.57E+53
1540,112.7,20.5,16.8,7.54,3.51,6.53,2.17E+53,1.67E+53,6.76E+53
1541,39.8,15.5,48.8,0.18,0.07,0.26,5.17E+50,3.47E+50,3.31E+51
1574,98.5,7.2,20.7,6.92,1.54,9.62,1.43E+53,6.30E+52,8.83E+53
1578,179.8,8.9,9.4,3.75,0.43,0.54,1.71E+53,4.30E+52,6.40E+52
1579,314,88.5,169.9,2.11,0.89,3.9,2.24E+53,1.65E+53,2.48E+54
1614,144.8,35.7,31.7,7.56,4.26,12.58,3.60E+53,3.09E+53,2.91E+54
1625,580.6,8.2,8.4,2.2,0.06,0.06,8.10E+53,5.10E+52,5.60E+52
1626,157.7,29.8,36.7,7.45,3.54,13.67,4.16E+53,3.24E+53,3.92E+54
1628,133.1,50,44.2,5.33,3.49,13.01,1.67E+53,1.54E+53,2.59E+54
1651,56.3,24.8,17.7,0.54,0.26,0.21,1.75E+51,1.37E+51,2.17E+51
1652,184.8,7.3,7.6,2.95,0.24,0.28,1.25E+53,2.30E+52,3.00E+52
1660,90.4,18.9,33.4,2,0.64,1.91,1.72E+52,1.06E+52,6.92E+52
1663,448.7,8.3,8.9,2.78,0.11,0.12,6.74E+53,6.10E+52,7.20E+52
1683,353.2,16.2,17.1,11.69,2.26,3.26,4.71E+54,1.81E+54,3.47E+54
1709,204.6,5.5,5.6,2,0.1,0.1,8.83E+52,9.90E+51,1.13E+52
1712,212.3,21.5,23.1,10.31,3.57,7.46,1.35E+54,8.40E+53,3.23E+54
1717,166.4,14,15.7,4.48,0.91,1.39,1.95E+53,8.10E+52,1.72E+53
1734,90,20.3,22.2,3.81,1.63,3.66,4.40E+52,3.24E+52,1.68E+53
1807,149.6,21.5,14.9,4.11,1.27,1.28,1.37E+53,8.10E+52,1.22E+53
1815,201.1,20.8,24.8,3.21,0.68,1.08,1.68E+53,7.30E+52,1.67E+53
1883,211.6,10.2,10.6,3.25,0.34,0.4,1.90E+53,4.40E+52,6.10E+52
1885,103.8,41.8,30.8,8.17,6.05,30.64,2.13E+53,2.04E+53,6.53E+54
1886,488.8,6.4,6.5,2.1,0.05,0.05,5.38E+53,3.10E+52,3.30E+52
1922,170,25.4,27.6,10.21,4.63,13.88,8.52E+53,6.40E+53,4.92E+54
1924,80,41.2,22.8,2.29,1.52,1.71,1.62E+52,1.51E+52,4.58E+52
1956,143.8,16.5,18.5,4.47,1.19,2.02,1.45E+53,7.60E+52,2.02E+53
1967,119.5,7,7.8,5.28,0.85,1.2,1.32E+53,4.50E+52,8.00E+52
1974,53.8,2.5,3.3,0.67,0.04,0.05,1.90E+51,2.60E+50,3.80E+50
1989,97.4,11.6,24,1.98,0.38,1.1,1.97E+52,8.10E+51,3.76E+52
1993,57.1,12.4,2.8,1.62,0.5,0.14,5.25E+51,3.15E+51,1.14E+51
1997,31,11.4,14.5,0.28,0.11,0.14,3.65E+50,2.42E+50,6.11E+50
2018,53.4,2.7,3.6,1.79,0.15,0.22,5.22E+51,1.01E+51,1.67E+51
2037,103.9,22.2,35.1,0.57,0.14,0.24,6.20E+51,3.00E+51,8.67E+51
2047,70,24.5,18.6,1.63,0.76,0.87,7.94E+51,6.25E+51,1.46E+52
2053,186.6,21.6,17.4,7.93,2.72,3.74,6.51E+53,4.05E+53,9.17E+53
2061,223.8,56.1,58.8,4.53,2.21,5.75,3.60E+53,2.87E+53,2.03E+54
2067,271.2,2.3,2.3,1.77,0.03,0.03,1.32E+53,5.00E+51,5.00E+51
2074,139.8,41.1,57.3,5.3,3,21.63,1.82E+53,1.57E+53,6.92E+54
2080,345.8,27.6,30,11.55,3.49,6.69,4.42E+54,2.47E+54,7.84E+54
2083,332.5,4.8,4.9,1.06,0.02,0.02,1.10E+53,5.00E+51,6.00E+51
2090,230.1,8.3,8.6,2.46,0.17,0.19,1.48E+53,2.40E+52,2.90E+52
2102,134.2,20.5,27.4,4.84,1.68,4.4,1.44E+53,9.20E+52,4.98E+53
2106,174.8,19.6,28.2,8.01,2.69,8.35,5.83E+53,3.56E+53,2.33E+54
2111,105.5,16.2,5.1,7.9,3.32,1.68,2.07E+53,1.49E+53,1.14E+53
2119,136.9,9,7.6,8.36,1.87,2.18,3.85E+53,1.70E+53,2.67E+53
2122,101.9,26.8,39,1.3,0.45,0.94,1.29E+52,8.40E+51,3.62E+52
2123,104.3,14.8,15.7,3.48,1,1.59,5.12E+52,2.84E+52,7.32E+52
2138,238.4,12,19.9,2.46,0.24,0.45,1.60E+53,3.50E+52,8.00E+52
2148,90,56.9,54.4,2.27,1.72,5.65,2.03E+52,1.97E+52,3.69E+53
2151,146.8,3.5,3.6,0.3,0.01,0.01,8.60E+51,5.10E+50,5.30E+50
2156,381.2,9.4,9.8,2.4,0.11,0.12,3.94E+53,4.40E+52,5.10E+52
2188,97.7,22.2,14.5,10.2,5.97,11.82,2.81E+53,2.44E+53,1.28E+54
2197,50.5,30.5,35.3,1.72,1.23,3.96,4.43E+51,4.22E+51,7.26E+52
2211,103,14.4,2.3,2.78,0.72,0.14,3.55E+52,1.83E+52,4.40E+51
2213,300.5,25.5,27.3,9.97,2.96,5.45,2.55E+54,1.41E+54,4.24E+54
2228,192.7,13.3,14.7,2.18,0.27,0.34,8.83E+52,2.41E+52,3.69E+52
2232,228.3,32.6,35.4,3.87,1.16,1.99,2.90E+53,1.67E+53,4.77E+53
2253,117.2,22.2,13.1,7.86,3.81,4.69,2.53E+53,1.99E+53,4.78E+53
2254,147.6,34.5,23.4,3.41,1.44,1.64,9.96E+52,7.31E+52,1.52E+53
2267,83.6,43.9,42.5,3.03,2.14,8.03,2.66E+52,2.53E+52,5.15E+53
2276,32.3,14.7,15.4,0.88,0.45,0.66,8.60E+50,7.13E+50,2.56E+51
2277,157.4,30.4,10,9.83,5.19,3.37,6.81E+53,5.61E+53,6.45E+53
2287,139.9,31.9,35.8,3.81,1.63,3.86,1.06E+53,7.90E+52,4.38E+53
2309,207.4,37,28.1,8.7,4.19,7.47,9.49E+53,7.43E+53,2.89E+54
2315,165.4,9.4,9.9,10.48,2.3,3.48,8.46E+53,3.64E+53,7.67E+53
2316,138.6,1.3,1.5,2.05,0.03,0.04,4.19E+52,1.70E+51,2.10E+51
2321,208,7.5,7.8,2.64,0.19,0.21,1.35E+53,2.20E+52,2.80E+52
2328,125.4,17.9,21.6,5.6,1.96,4.54,1.61E+53,1.02E+53,4.68E+53
2329,896.8,11.9,12.2,2.64,0.07,0.07,2.49E+54,1.60E+53,1.70E+53
2340,109.7,6.3,5.9,3.88,0.52,0.58,6.73E+52,1.96E+52,2.64E+52
2345,129.4,20.5,25.4,4.17,1.4,3.12,1.05E+53,6.50E+52,2.81E+53
2346,116.7,22.1,24.7,2.46,0.78,1.32,3.83E+52,2.32E+52,6.89E+52
2362,65,5.7,5,1.03,0.12,0.11,4.09E+51,1.07E+51,1.20E+51
2367,134.2,16.6,10.2,3.83,1.02,0.84,9.88E+52,5.15E+52,5.88E+52
2380,89.5,42.9,40.3,4.02,2.84,12.71,4.73E+52,4.49E+52,1.19E+54
2387,181.7,8,8.4,3.76,0.39,0.47,1.76E+53,4.00E+52,5.60E+52
2393,53.2,2.1,2,0.75,0.04,0.04,2.02E+51,2.30E+50,2.50E+50
2394,161.9,33,31.2,8.19,4.22,11.83,5.20E+53,4.23E+53,3.35E+54
2423,67.6,33.5,26.2,2.74,1.84,3.83,1.50E+52,1.40E+52,1.03E+53
2429,127.3,61.1,52.4,5.57,4.17,25.58,1.64E+53,1.58E+53,7.67E+54
2430,53.5,28.9,27.1,1.29,0.81,1.34,3.51E+51,3.20E+51,1.66E+52
2431,96.2,14,15.3,0.47,0.08,0.09,4.68E+51,1.61E+51,2.41E+51
2432,61.1,21.8,33.6,1.48,0.69,1.93,5.38E+51,4.22E+51,3.55E+52
2435,105.2,26.3,19.8,2.5,1,1.18,3.19E+52,2.27E+52,4.84E+52
2436,320.2,73.8,49,6.88,3.62,5.68,1.49E+54,1.23E+54,4.39E+54
2438,64.1,3.8,3.6,1.26,0.11,0.11,4.94E+51,9.70E+50,1.10E+51
2443,180.9,22.1,28.2,3.08,0.74,1.33,1.28E+53,6.20E+52,1.72E+53
2446,276,11.4,11.8,10.12,1.65,2.23,2.21E+54,7.40E+53,1.25E+54
2451,153.9,36.1,43.2,5.49,2.72,9.83,2.34E+53,1.88E+53,2.19E+54
2453,81.9,15,12.7,4.68,1.84,2.82,5.09E+52,3.54E+52,1.01E+53
2458,28.7,11.2,40.4,0.56,0.24,1.36,4.74E+50,3.49E+50,9.12E+51
2460,73,48.3,27.9,3.35,2.73,5.77,2.36E+52,2.32E+52,2.21E+53
2476,65.3,1.4,1.3,1.43,0.05,0.04,5.89E+51,4.60E+50,4.60E+50
2477,118,7,4.1,11.06,2.59,2.02,4.75E+53,2.16E+53,2.18E+53
2482,118.3,7.1,8.4,7.11,1.36,2.21,2.16E+53,8.40E+52,1.86E+53
2500,118.5,20.2,18.8,7.29,3.2,6.71,2.26E+53,1.68E+53,7.69E+53
2510,68.5,31,46.2,1.48,0.83,2.67,6.76E+51,5.86E+51,7.51E+52
2511,59.6,39,48,1.29,0.95,2.73,4.38E+51,4.20E+51,6.42E+52
2519,148.4,25.9,27.5,10.24,5.15,17.93,6.53E+53,5.22E+53,5.52E+54
2530,205.8,53.8,52.6,5.88,3.19,9.6,4.70E+53,3.96E+53,3.78E+54
2533,380.4,5.6,5.7,4.36,0.17,0.18,9.76E+53,8.80E+52,1.00E+53
2537,103.6,5.3,6.1,0.56,0.03,0.04,6.11E+51,8.60E+50,1.08E+51
2570,212.6,17.2,20.8,3.47,0.61,0.94,2.12E+53,7.80E+52,1.62E+53
2586,297.9,12.1,12.7,6.63,0.86,1.09,1.21E+54,3.30E+53,5.10E+53
2593,72.3,4,4.2,2.21,0.22,0.26,1.26E+52,2.80E+51,3.90E+51
2600,102.9,11.7,4.6,4.69,1.26,0.65,8.04E+52,4.21E+52,2.86E+52
2603,82.2,1.4,1.3,1.48,0.04,0.04,9.72E+51,6.40E+50,5.90E+50
2611,550.4,15.2,15.4,2.9,0.17,0.18,1.08E+54,1.50E+53,1.70E+53
2620,73.7,4.7,4.6,2.72,0.34,0.39,1.77E+52,4.90E+51,6.60E+51
2628,170.5,9.2,9.1,1.9,0.17,0.19,5.72E+52,1.19E+52,1.48E+52
2634,51,13.9,6.8,0.78,0.25,0.14,1.93E+51,1.18E+51,9.60E+50
2640,30.1,20.1,36.8,0.72,0.51,1.71,6.28E+50,5.94E+50,1.17E+52
2660,88.2,14.2,12.6,5.63,2.16,3.51,8.03E+52,5.45E+52,1.65E+53
2662,123.4,28.7,40.3,4.62,2.15,8.91,1.13E+53,8.80E+52,1.22E+54
2665,98.6,6.3,5.9,1.19,0.11,0.11,1.10E+52,2.30E+51,2.60E+51
2696,116.8,13.6,14.3,7.67,2.61,5.06,2.41E+53,1.49E+53,5.19E+53
2697,93.5,25.9,24,4.98,2.67,6.74,7.34E+52,6.16E+52,4.51E+53
2700,197.6,47.4,67.4,2.62,1.03,2.85,1.20E+53,8.40E+52,5.70E+53
2703,236.2,63.1,56.2,6.94,4,12.16,8.25E+53,7.16E+53,7.29E+54
2706,157.4,20.3,23.5,10.43,4.32,12.52,7.59E+53,5.36E+53,3.65E+54
2709,189.6,13,14.4,10.2,2.58,4.49,1.06E+54,5.10E+53,1.34E+54
2711,101.7,23.6,38,5.06,2.42,14.89,8.91E+52,7.02E+52,1.92E+54
2728,159.5,44.8,46,7.75,4.74,24.43,4.57E+53,4.07E+53,1.05E+55
2736,185.4,34.8,38,3.53,1.27,2.43,1.66E+53,1.09E+53,4.03E+53
2749,48.9,8.1,29.9,1.35,0.31,1.89,3.08E+51,1.47E+51,2.31E+52
2760,65.7,10.9,3.9,2.85,0.85,0.39,1.50E+52,8.70E+51,5.40E+51
2774,63.5,22.4,20.9,1.93,0.94,1.53,8.13E+51,6.56E+51,2.51E+52
2790,217.1,15.6,16,6.77,1.47,2.11,6.68E+53,2.90E+53,5.77E+53
2797,273.7,9.3,9.8,3.2,0.24,0.27,3.10E+53,5.30E+52,6.70E+52
2798,536.3,5.5,5.6,2.08,0.04,0.04,6.40E+53,2.90E+52,3.00E+52
2799,164.5,16.6,17.6,2.81,0.54,0.73,9.23E+52,3.75E+52,6.85E+52
2812,235.7,7.1,7.4,1.93,0.1,0.11,1.12E+53,1.40E+52,1.60E+52
2815,91.4,5.8,5.4,6.27,1.18,1.43,1.04E+53,4.00E+52,6.30E+52
2831,766.1,15.5,15.9,1.31,0.04,0.04,7.34E+53,5.40E+52,5.80E+52
2852,437.3,27.3,29.8,7.57,1.54,2.33,3.30E+54,1.35E+54,2.79E+54
2855,318.2,6.5,6.7,2.16,0.08,0.09,2.37E+53,2.10E+52,2.40E+52
2877,48.6,1.8,1.8,0.41,0.02,0.02,1.10E+51,1.10E+50,1.10E+50
2880,137.1,21.2,23.5,3.39,1.03,1.77,8.49E+52,4.93E+52,1.45E+53
2889,248.9,39,48.5,4.2,1.4,3.12,3.93E+53,2.44E+53,1.04E+54
2891,747.5,18.9,19.7,8.81,0.86,1.03,1.26E+55,2.60E+54,3.60E+54
2894,217.3,8.9,9.5,1.59,0.1,0.12,7.44E+52,1.14E+52,1.40E+52
2897,45.4,1.2,0.9,0.77,0.03,0.02,1.51E+51,1.20E+50,9.00E+49
2913,121.6,15.7,17,2.09,0.45,0.61,3.31E+52,1.47E+52,2.86E+52
2919,315.6,21.4,23.4,4.22,0.69,0.95,6.36E+53,2.20E+53,3.89E+53
2924,101.4,8.9,8.5,10.43,3.25,5.33,3.15E+53,1.81E+53,4.81E+53
2925,73.5,30.6,39.4,3.74,2.4,16.43,2.85E+52,2.62E+52,1.31E+54
2929,460.5,14.8,15.6,3.95,0.31,0.37,1.22E+54,2.20E+53,2.90E+53
2945,42.8,7.9,14.8,1.39,0.36,0.92,2.44E+51,1.26E+51,6.09E+51
2950,120.3,32,25.8,8.18,4.92,14.36,2.86E+53,2.53E+53,2.49E+54
2951,148.6,63.1,51.9,6.52,4.74,25.25,2.93E+53,2.80E+53,9.83E+54
2953,196.3,5,5.2,1.11,0.04,0.04,4.03E+52,3.50E+51,3.90E+51
2958,144.6,14.7,17,2.87,0.57,0.84,7.35E+52,3.03E+52,6.27E+52
2988,199.1,28.5,34.3,7.94,3.19,9.11,7.44E+53,5.18E+53,3.42E+54
2998,72.8,7.8,5.3,3.03,0.64,0.54,2.02E+52,8.80E+51,9.70E+51
3001,219.3,19.5,20.8,7.4,2,3.36,7.96E+53,4.12E+53,1.08E+54
3003,326.5,13.1,13.9,7.4,1,1.31,1.77E+54,5.00E+53,8.00E+53
3011,178.4,39.6,42.7,1.77,0.58,0.88,5.73E+52,3.56E+52,9.53E+52
3012,76.8,28.1,42,2.24,1.17,4.55,1.45E+52,1.21E+52,1.87E+53
3015,170.5,24.1,29.3,11.37,5.18,19.51,1.04E+54,7.80E+53,8.48E+54
3032,103.1,9.8,15.1,3.31,0.65,1.4,4.63E+52,1.90E+52,6.06E+52
3035,167.1,47.2,76.6,1.04,0.37,0.82,2.73E+52,1.78E+52,8.70E+52
3039,132.9,6.3,6.4,1.83,0.14,0.16,3.31E+52,6.00E+51,7.50E+51
3042,303.1,13.3,14.1,2.99,0.28,0.33,3.44E+53,7.20E+52,9.70E+52
3055,73.4,2.7,1.9,1.75,0.11,0.08,9.57E+51,1.35E+51,1.08E+51
3056,125.9,13.7,16.8,2.34,0.45,0.7,4.16E+52,1.68E+52,3.65E+52
3057,683.9,13.9,14.4,1.28,0.04,0.04,5.71E+53,4.10E+52,4.60E+52
3067,380.4,11.8,12.5,1.88,0.1,0.11,2.82E+53,3.60E+52,4.20E+52
3068,132.4,38.5,26.2,9.63,6.34,17.8,4.65E+53,4.27E+53,4.31E+54
3070,171.2,33.5,23.7,11,6.06,12.34,9.91E+53,8.34E+53,4.30E+54
3072,55.5,31.2,16.4,2.04,1.42,1.47,6.66E+51,6.30E+51,1.79E+52
3075,49.7,37.5,31.5,1.67,1.39,3.1,4.13E+51,4.08E+51,4.74E+52
3076,93,38.2,38.5,3.36,2.08,6.75,3.85E+52,3.48E+52,4.61E+53
3084,166.6,37,35.3,6.57,3.32,8.7,3.73E+53,3.02E+53,2.16E+54
3085,91.3,40.9,24.4,6.04,4.44,11.13,9.70E+52,9.29E+52,9.41E+53
3093,128.6,36.9,31.5,6.45,3.8,10.93,2.15E+53,1.89E+53,1.82E+54
3096,240.9,47.8,34.7,10.99,6.1,13.12,1.96E+54,1.65E+54,9.27E+54
3100,54.2,1.2,2,1.88,0.07,0.13,5.73E+51,5.10E+50,9.80E+50
3101,107.5,5.5,5.4,1.69,0.14,0.15,1.96E+52,3.80E+51,4.40E+51
3105,259.7,7.5,8.3,8.91,0.98,1.3,1.55E+54,3.60E+53,5.60E+53
3109,111.1,10.8,12,7.66,2.25,4.24,2.17E+53,1.20E+53,3.74E+53
3115,310.8,6.8,7,3.72,0.2,0.22,5.04E+53,6.10E+52,7.30E+52
3119,52.4,14.8,13.8,1.46,0.55,0.72,3.88E+51,2.68E+51,6.49E+51
3120,108.8,41.4,46.7,4.47,2.83,15.08,8.32E+52,7.57E+52,2.31E+54
3128,382.1,6.9,7.1,2.8,0.11,0.11,4.94E+53,4.40E+52,5.00E+52
3129,72.5,12.3,9.8,2.26,0.63,0.67,1.31E+52,7.20E+51,1.15E+52
3131,40,2.2,1,0.8,0.06,0.03,1.22E+51,2.00E+50,1.00E+50
3132,81.5,4.3,4,4.72,0.65,0.73,5.11E+52,1.51E+52,2.04E+52
3138,217.6,6.2,6.5,1.33,0.06,0.06,6.00E+52,6.20E+51,7.00E+51
3142,248.9,61.7,45.9,9.33,5.6,14.42,1.55E+54,1.37E+54,1.09E+55
3143,130.6,35.4,43.4,1.65,0.62,1.17,2.80E+52,1.93E+52,7.55E+52
3153,28.8,14.1,11.9,0.83,0.46,0.52,6.55E+50,5.59E+50,1.49E+51
3159,43.3,38.6,31.5,1.28,1.17,2.23,2.29E+51,2.28E+51,2.45E+52
3166,41.4,25.4,43.9,1.23,0.86,4.11,2.00E+51,1.89E+51,6.66E+52
3177,197.8,24.5,29.4,8.75,3.29,8.72,8.72E+53,5.78E+53,3.26E+54
3193,121.7,28.8,34.1,7.81,4.34,23.2,2.70E+53,2.29E+53,5.56E+54
3212,105.8,51.1,36.8,1.38,0.81,0.92,1.49E+52,1.32E+52,3.72E+52
3217,51.6,16.7,47.5,0.85,0.33,1.5,2.14E+51,1.48E+51,2.37E+52
3220,78.8,18.5,22.5,2.7,1.06,2.33,2.00E+52,1.40E+52,6.77E+52
3227,222.2,10.2,10.6,1.67,0.12,0.14,8.25E+52,1.43E+52,1.76E+52
3237,97.3,20.4,14.9,1.34,0.38,0.34,1.22E+52,6.80E+51,9.00E+51
3238,95.4,51.2,67.2,1.54,0.99,3.12,1.38E+52,1.27E+52,1.85E+53
3241,297.2,9.9,10.1,3.05,0.22,0.24,3.41E+53,5.60E+52,6.90E+52
3242,23.6,7.7,13.2,0.34,0.12,0.22,2.34E+50,1.46E+50,5.41E+50
3245,342.9,11.6,13.4,2.2,0.14,0.17,2.83E+53,4.10E+52,5.60E+52
3246,119.5,36.9,17.9,10.67,7.4,13.24,4.56E+53,4.27E+53,2.29E+54
3247,211.7,77,59.6,6.47,4.35,14.59,5.86E+53,5.45E+53,7.81E+54
3255,91.4,11.6,12.5,0.69,0.1,0.12,5.58E+51,1.85E+51,2.69E+51
3256,141.8,6.6,6.1,3.42,0.36,0.38,9.23E+52,2.15E+52,2.60E+52
3257,210.5,5.9,6.3,11.97,1.52,1.98,1.75E+54,4.60E+53,7.20E+53
3259,265.4,48.1,68.7,8.96,4.41,27.42,1.64E+54,1.30E+54,3.50E+55
3279,76.3,17.6,17.6,2.95,1.17,2.05,2.13E+52,1.50E+52,5.32E+52
3283,185.8,29.4,32,10.61,5.07,16.86,1.09E+54,8.50E+53,7.93E+54
3287,198.1,13.9,15,4,0.66,0.89,2.31E+53,8.10E+52,1.39E+53
3290,144.3,5.1,5.2,1.06,0.05,0.05,2.06E+52,2.40E+51,2.70E+51
3292,97.3,43.4,38,5.81,4.23,24.78,1.03E+53,9.90E+52,4.18E+54
3306,130.8,22.6,24.5,2.8,0.86,1.42,5.79E+52,3.43E+52,9.61E+52
3307,46.1,20.5,26.3,1.56,0.87,2.26,3.27E+51,2.83E+51,2.53E+52
3319,207.2,38.2,36.6,9.03,4.5,12.42,1.01E+54,8.10E+53,6.02E+54
3320,115.5,10.5,17.6,6.36,1.64,4.86,1.70E+53,8.50E+52,4.51E+53
3330,434.3,23.3,25.4,5.16,0.76,1.02,1.68E+54,5.20E+53,8.80E+53
3336,104.3,37.7,41.5,2.84,1.55,4.33,3.77E+52,3.22E+52,2.96E+53
3345,201.5,10.8,12.3,1.7,0.15,0.18,6.95E+52,1.38E+52,1.98E+52
3351,159.3,45,45.7,4.29,2.23,5.95,1.67E+53,1.38E+53,1.08E+54
3352,149.1,8.2,9.6,1.87,0.17,0.22,4.30E+52,9.10E+51,1.35E+52
3356,100.5,26.1,25.3,2.62,1.1,1.84,3.10E+52,2.27E+52,7.96E+52
3364,105.1,17.3,12.4,8.91,4.11,6.33,2.54E+53,1.93E+53,5.98E+53
3369,83.7,14,22.7,3.99,1.38,4.66,4.09E+52,2.61E+52,2.06E+53
3370,41.9,31.4,35.8,1.16,0.94,2.41,1.92E+51,1.89E+51,2.77E+52
3403,87.1,34.2,17.1,6.43,4.48,7.31,9.82E+52,9.25E+52,4.55E+53
3407,112.5,52.8,58.7,4.09,2.87,20.06,7.69E+52,7.27E+52,4.27E+54
3408,348.7,6.3,6.3,3.73,0.16,0.17,6.39E+53,6.50E+52,7.30E+52
3415,205.9,6.8,7,2.44,0.15,0.17,1.18E+53,1.70E+52,2.10E+52
3436,193,14.9,15.7,8.85,2.31,3.81,8.48E+53,4.24E+53,1.06E+54
3448,176.1,56.8,72.8,3,1.53,5.2,1.16E+53,9.60E+52,1.11E+54
3458,236.7,7.9,8.2,2.14,0.13,0.14,1.30E+53,1.80E+52,2.20E+52
3480,370.8,9.6,10,2.82,0.15,0.17,4.71E+53,5.90E+52,7.00E+52
3481,395.5,10.1,10.4,1.79,0.08,0.08,2.85E+53,2.90E+52,3.30E+52
3485,113.2,17.7,19.6,10.61,5.02,16.98,4.05E+53,3.12E+53,2.98E+54
3488,321.8,28.9,32.3,5.28,1.23,1.99,9.57E+53,4.45E+53,1.05E+54
3489,327.7,10,10.4,6.81,0.69,0.83,1.54E+54,3.40E+53,4.70E+53
3491,221.8,12.4,13.3,0.9,0.07,0.07,4.19E+52,7.10E+51,8.80E+51
3503,106.1,22.6,19.3,10.57,6.03,18.64,3.54E+53,3.04E+53,3.02E+54
3511,45,19.7,13.2,1.39,0.76,0.76,2.72E+51,2.32E+51,5.18E+51
3512,223.2,12.4,13.6,2.36,0.24,0.3,1.32E+53,3.10E+52,4.40E+52
3514,128.6,42.5,33.5,5.49,3.36,8.53,1.63E+53,1.46E+53,1.23E+54
3516,261.3,37,40.7,10.12,4.42,12.66,1.98E+54,1.45E+54,1.01E+55
3523,642.5,8.5,8.6,1.58,0.03,0.03,6.46E+53,3.40E+52,3.60E+52
3527,215.1,50.9,54.4,9.69,5.73,31.81,1.24E+54,1.08E+54,2.95E+55
3567,108.6,9.1,21.7,6.55,1.59,7.85,1.58E+53,7.50E+52,7.89E+53
3569,216.1,36.6,47.8,3.11,0.98,2.13,1.85E+53,1.11E+53,4.52E+53
3588,60.2,31.9,28.2,1.24,0.77,1.12,4.27E+51,3.86E+51,1.65E+52
3598,235.5,16.2,17.5,6.77,1.41,2.13,7.85E+53,3.29E+53,6.86E+53
3608,44.8,27.4,24.9,0.61,0.4,0.47,1.22E+51,1.12E+51,3.73E+51
3618,252.9,12.3,12.9,7.18,1.14,1.52,1.00E+54,3.30E+53,5.50E+53
3634,254.8,34.3,40.1,6.83,2.47,5.83,9.35E+53,6.07E+53,2.88E+54
3637,164.9,10.1,11.2,7.49,1.49,2.29,4.60E+53,1.85E+53,3.86E+53
3648,199,7.2,7.4,3.88,0.34,0.39,2.21E+53,4.30E+52,5.70E+52
3649,239.7,20.1,21,6.28,1.5,2.28,7.14E+53,3.36E+53,7.42E+53
3658,247.2,5.7,5.9,1.65,0.06,0.07,1.00E+53,9.00E+51,1.00E+52
3662,224,13.6,15.6,1.91,0.2,0.25,9.96E+52,2.31E+52,3.47E+52
3663,197.2,19.1,22.1,2.86,0.54,0.8,1.36E+53,5.40E+52,1.09E+53
3664,79.4,4.4,6.2,2.37,0.24,0.39,1.67E+52,3.90E+51,7.50E+51
3765,298.1,5.6,5.7,1.27,0.04,0.04,1.08E+53,7.00E+51,8.00E+51
3776,180,6.9,7.6,2.5,0.18,0.22,9.31E+52,1.58E+52,2.14E+52
3788,204.8,5.5,5.7,2.14,0.1,0.11,9.70E+52,1.12E+52,1.31E+52
3811,55.6,2.1,1.8,1.22,0.07,0.06,3.58E+51,4.60E+50,4.40E+50
3815,46.3,11.3,11.8,0.87,0.26,0.32,1.77E+51,1.02E+51,2.06E+51
3843,193.6,29.4,10.1,7.56,3.1,1.69,6.45E+53,4.56E+53,3.79E+53
3866,310.7,41.3,61.4,10.15,4.25,20.01,2.81E+54,2.00E+54,2.87E+55
3869,77.7,47.3,41.5,1.63,1.16,2.22,9.76E+51,9.29E+51,6.84E+52
3870,135.8,19.2,30.6,0.66,0.11,0.19,1.19E+52,4.20E+51,1.04E+52
3875,77.3,4.8,4.6,1.48,0.14,0.15,8.60E+51,1.88E+51,2.24E+51
3879,95.6,18.3,16.2,2.75,0.91,1.21,3.01E+52,1.89E+52,4.20E+52
3886,160.4,33.7,44.7,5.81,2.72,11.06,2.80E+53,2.17E+53,2.87E+54
3890,104.2,20.5,19.9,10.72,5.87,21.12,3.50E+53,2.94E+53,3.55E+54
3891,216.2,10.5,11.4,1.25,0.09,0.1,5.57E+52,9.10E+51,1.16E+52
3892,32.4,18.4,31.4,0.58,0.35,0.86,6.13E+50,5.44E+50,5.08E+51
3893,168.7,3.7,3.8,4.53,0.27,0.29,2.05E+53,2.80E+52,3.30E+52
3900,87.83,17.4,116,1.11,8.75,5.13,8.09e5114,5.04E+52,5.04E+53
3905,228.8,14.3,15.6,3.77,0.54,0.72,2.80E+53,8.70E+52,1.43E+53
3906,120.3,9.2,9.9,3.73,0.64,0.87,7.59E+52,2.76E+52,4.90E+52
3909,58.2,25.3,26.9,1.03,0.53,0.82,3.29E+51,2.71E+51,1.05E+52
3912,198,16.2,17.6,4.39,0.87,1.25,2.67E+53,1.09E+53,2.14E+53
3916,101.8,26.8,28.5,5,2.59,7.95,8.74E+52,7.21E+52,6.87E+53
3918,273.7,17.5,19.2,7.99,1.7,2.65,1.42E+54,6.00E+53,1.31E+54
3929,274.9,11.2,12,4.13,0.42,0.51,4.67E+53,1.05E+53,1.49E+53
3930,512.1,11.9,12.3,5.61,0.39,0.44,2.69E+54,4.20E+53,5.20E+53
3936,182.9,6.2,6.5,2.78,0.19,0.22,1.12E+53,1.80E+52,2.30E+52
3954,304.9,13.4,13.9,2.4,0.2,0.23,2.51E+53,4.80E+52,6.20E+52
4048,355.9,18.6,20.1,6.95,1.15,1.62,1.88E+54,6.50E+53,1.16E+54
4157,85.3,5,6.4,2.37,0.26,0.38,1.94E+52,4.80E+51,8.30E+51
4216,56.9,15.7,10.9,0.9,0.3,0.25,2.75E+51,1.73E+51,2.23E+51
4312,109.6,10.1,10.4,0.98,0.12,0.13,1.11E+52,3.00E+51,4.00E+51
4350,85.2,19.6,27.9,1.05,0.3,0.55,7.13E+51,4.06E+51,1.32E+52
4556,264.1,6.1,6.6,1.55,0.06,0.06,1.07E+53,9.00E+51,1.10E+52
4701,238.2,7.8,8.1,3.76,0.3,0.34,3.02E+53,5.40E+52,6.80E+52
4710,99,5.3,5,1.02,0.07,0.07,9.33E+51,1.59E+51,1.72E+51
4814,217.4,37.2,28.3,7.76,3.49,5.63,8.51E+53,6.40E+53,2.08E+54
5080,43.2,2.3,2.7,0.89,0.06,0.08,1.57E+51,2.50E+50,3.50E+50
5304,471.7,17,17.9,3.33,0.27,0.31,9.77E+53,1.79E+53,2.34E+53
5389,182.7,8,8.5,3.95,0.42,0.51,1.92E+53,4.50E+52,6.40E+52
5415,125.3,11.3,13.6,7.16,1.92,3.77,2.45E+53,1.27E+53,3.99E+53
5416,117.2,16.4,17.7,10.91,4.86,13.97,4.57E+53,3.38E+53,2.40E+54
5417,176.6,8.9,9.6,1.35,0.1,0.11,4.05E+52,7.10E+51,9.00E+51
5419,97.2,30.3,52.8,1.56,0.65,2.09,1.45E+52,1.07E+52,9.93E+52
5428,73.5,14.6,6.9,2.67,0.91,0.58,1.70E+52,1.08E+52,1.03E+52
5429,78.1,29.7,21.6,1.12,0.52,0.51,6.45E+51,5.04E+51,9.68E+51
5433,194.6,14.1,14.9,6.78,1.48,2.21,5.38E+53,2.34E+53,4.89E+53
5434,97.9,29,28.3,8.66,5.6,33.64,2.10E+53,1.92E+53,6.81E+54
5439,266,34,45.5,4.66,1.38,3.18,5.32E+53,3.01E+53,1.25E+54
5447,37.9,2.6,18.6,0.51,0.04,0.32,7.70E+50,1.36E+50,1.75E+51
5451,193.1,7.3,7.6,5.1,0.54,0.65,3.25E+53,7.50E+52,1.05E+53
5463,103,25.5,10.1,8.68,5.1,4.71,2.33E+53,2.04E+53,3.89E+53
5472,133.6,23.1,26.6,6.23,2.61,7.01,2.19E+53,1.58E+53,1.00E+54
5474,37.4,2.9,2.7,1.21,0.13,0.13,1.60E+51,3.90E+50,4.70E+50
5476,167.4,26.2,30.5,6.6,2.63,6.83,3.80E+53,2.64E+53,1.53E+54
5477,1456.8,50.2,73.8,5.46,0.55,0.95,2.08E+55,4.60E+54,9.40E+54
5478,178.2,10.3,9.9,5.81,0.97,1.17,3.45E+53,1.20E+53,1.83E+53
5479,170.8,21.2,23.3,3.86,1.03,1.68,1.62E+53,8.50E+52,2.17E+53
5486,262.4,8,8.4,2.2,0.12,0.14,1.66E+53,2.20E+52,2.60E+52
5489,312,8,8.2,3.62,0.22,0.24,4.88E+53,6.80E+52,8.20E+52
5493,91.6,45.7,40.2,5.53,4.22,30.71,8.40E+52,8.13E+52,5.57E+54
5504,91.7,33.5,44.8,1.82,0.9,2.41,1.57E+52,1.27E+52,1.04E+53
5508,76.2,11.4,11.9,3.96,1.24,2.1,3.35E+52,1.99E+52,5.72E+52
5515,91.8,50.5,63.6,2.57,1.82,10.82,2.52E+52,2.39E+52,1.15E+54
5517,138.7,24.8,31.5,3.31,1.12,2.47,8.37E+52,5.27E+52,2.29E+53
5518,163.3,13.9,15.6,5.54,1.26,2.03,2.67E+53,1.22E+53,2.84E+53
5523,135.2,20.2,21.5,2.26,0.57,0.81,4.57E+52,2.32E+52,4.99E+52
5530,71.3,5.6,5.8,1.09,0.12,0.13,5.23E+51,1.27E+51,1.67E+51
5531,131.9,16.2,16.9,5.99,1.91,3.41,1.99E+53,1.18E+53,3.63E+53
5539,112.2,18,15.7,4.73,1.69,2.48,9.70E+52,6.29E+52,1.62E+53
5541,145.7,28.3,31.2,9.15,4.74,18.6,5.12E+53,4.18E+53,5.55E+54
5542,219.5,7.5,7.9,5.63,0.57,0.69,4.97E+53,1.10E+53,1.54E+53
5548,165.2,18.1,20.8,1.84,0.32,0.44,5.15E+52,1.94E+52,3.59E+52
5551,68.1,11.6,24.4,2.04,0.56,1.91,1.01E+52,5.40E+51,3.91E+52
5563,184.1,9.9,10.5,1.16,0.09,0.1,3.72E+52,6.50E+51,8.20E+51
5567,359.8,8.3,8.5,1.86,0.07,0.08,2.48E+53,2.30E+52,2.60E+52
5568,509.3,18.5,19.6,2.71,0.2,0.23,8.38E+53,1.42E+53,1.81E+53
5571,147,49.2,62.6,3.02,1.59,5.6,8.19E+52,6.87E+52,8.71E+53
5572,189.6,20.4,18.3,2.95,0.62,0.71,1.31E+53,5.70E+52,8.80E+52
5575,215.6,16,16.9,2.94,0.44,0.56,1.69E+53,5.50E+52,8.70E+52
5585,153.2,38.1,29.1,7,3.88,8.27,3.52E+53,2.99E+53,1.71E+54
5593,228.3,8.1,8.6,7.28,0.88,1.1,8.37E+53,2.15E+53,3.20E+53
5601,279.8,46.6,57.1,5,1.87,4.69,6.61E+53,4.44E+53,2.38E+54
5603,160.5,25.7,28.1,11.64,5.78,21.3,9.65E+53,7.65E+53,8.64E+54
5604,273.6,19.8,22.7,6.07,1.26,2.01,8.79E+53,3.68E+53,8.22E+53
5606,165.4,36.2,22.9,6.4,3.18,4.28,3.51E+53,2.82E+53,7.84E+53
5608,202.9,33.4,20.7,8.1,3.61,4.36,8.00E+53,5.97E+53,1.33E+54
5621,259.1,8.1,8.6,1.07,0.05,0.05,6.74E+52,7.10E+51,8.00E+51
5624,226.4,44.2,49.5,8.18,4.1,14.98,1.01E+54,8.10E+53,9.41E+54
5628,237.4,12,12.6,2.71,0.27,0.32,1.82E+53,4.10E+52,5.70E+52
5637,154.4,47.9,82.1,4.53,2.54,29.95,1.71E+53,1.47E+53,1.63E+55
5640,69.7,10,11,3.82,1.14,1.96,2.65E+52,1.52E+52,4.38E+52
5644,301.9,14.9,16.2,3.32,0.36,0.45,3.98E+53,9.60E+52,1.41E+53
5645,101.3,50.6,36.2,3.38,2.36,5.2,4.62E+52,4.37E+52,3.60E+53
5654,255.1,4.6,4.7,3.98,0.18,0.2,3.79E+53,4.00E+52,4.60E+52
5655,74.3,32.8,41.8,2.87,1.81,8.85,1.94E+52,1.77E+52,4.93E+53
5667,136.4,29.3,45.5,4.02,1.68,6.74,1.10E+53,8.00E+52,9.63E+53
5697,50.4,6.6,6.8,0.34,0.05,0.05,1.07E+51,3.20E+50,4.20E+50
5704,175.5,7.7,8.2,1.01,0.06,0.07,2.91E+52,4.10E+51,4.80E+51
5706,155.6,74.3,51.6,5.32,3.94,12.92,2.27E+53,2.18E+53,3.50E+54
5711,487.4,17.6,18.4,1.95,0.12,0.14,4.85E+53,7.10E+52,8.70E+52
5713,41,13.8,20.1,1.24,0.53,1.19,1.98E+51,1.48E+51,8.35E+51
5719,186.5,38.3,45.8,7.8,3.97,17.1,6.32E+53,5.11E+53,7.86E+54
5726,113.7,8.1,8.5,1.51,0.16,0.19,1.90E+52,4.70E+51,6.40E+51
5729,86,8.3,14.5,1.55,0.23,0.47,1.13E+52,3.60E+51,1.03E+52
5731,175.8,20.7,36.9,6.33,2,7.92,3.90E+53,2.29E+53,2.08E+54
5773,182.9,1.7,1.7,1.05,0.01,0.01,3.30E+52,1.00E+51,1.10E+51
5867,207.1,29.4,31,8.83,3.67,9,9.74E+53,6.92E+53,3.75E+54
5989,40.3,10.9,11.5,0.15,0.04,0.05,5.07E+50,2.58E+50,3.96E+50
5995,706.5,8.3,8.5,4.62,0.15,0.16,3.70E+54,2.80E+53,3.10E+53
6004,48.1,32,33.3,1,0.73,1.33,2.17E+51,2.07E+51,1.51E+52
6082,63.2,9.4,3.1,1.79,0.41,0.16,7.28E+51,3.44E+51,1.64E+51
6083,100.6,3.8,7,3.42,0.3,0.63,4.64E+52,9.00E+51,2.29E+52
6090,165.7,20.4,23.8,3.82,1.01,1.76,1.50E+53,7.80E+52,2.16E+53
6098,113.7,16.4,19,5.91,2.13,4.81,1.45E+53,9.40E+52,4.23E+53
6100,562.1,10.7,10.9,3.21,0.14,0.15,1.32E+54,1.30E+53,1.50E+53
6113,155.5,18.8,21.2,2.12,0.43,0.61,5.53E+52,2.36E+52,4.69E+52
6124,405.4,7.3,7.4,1.58,0.05,0.05,2.58E+53,1.80E+52,1.90E+52
6128,38.4,5.7,4.4,0.91,0.17,0.14,1.26E+51,5.10E+50,5.50E+50
6141,89.8,38.9,62.5,2.14,1.24,6.58,1.86E+52,1.64E+52,4.95E+53
6147,85.8,6.3,3.3,3.59,0.59,0.35,3.64E+52,1.26E+52,9.10E+51
6152,130,84.6,62.3,4.74,3.99,24.61,1.31E+53,1.29E+53,7.87E+54
6159,76.3,13.1,3,1.74,0.45,0.12,1.02E+52,5.30E+51,1.80E+51
6167,59.6,6.5,11.7,2.29,0.44,1.07,9.02E+51,3.63E+51,1.37E+52
6186,45,25,52.8,0.9,0.56,2.48,1.72E+51,1.55E+51,4.14E+52
6190,88.9,27.5,48.6,2.48,1.17,5.7,2.24E+52,1.77E+52,3.51E+53
6194,136.2,18.4,19.5,4.39,1.33,2.24,1.26E+53,7.30E+52,2.05E+53
6198,361.4,9.8,11.5,0.91,0.03,0.04,1.12E+53,1.00E+52,1.20E+52
6206,46.6,3.9,3.6,0.9,0.1,0.1,1.84E+51,4.50E+50,5.10E+50
6216,108.4,7.4,15.9,3.3,0.49,1.39,5.09E+52,1.62E+52,6.62E+52
6222,51.9,28.5,25.1,1.62,1.07,1.9,4.34E+51,4.03E+51,2.41E+52
6226,206.1,38.6,24,6.74,3.08,3.73,5.98E+53,4.54E+53,1.04E+54
6235,388.5,11.2,11.7,3.77,0.26,0.3,8.04E+53,1.27E+53,1.60E+53
6241,98.9,34.1,20.3,1.88,0.89,0.8,1.90E+52,1.51E+52,2.62E+52
6266,208.1,70.6,66.1,3.14,1.69,3.68,1.74E+53,1.47E+53,9.03E+53
6272,61.9,1.4,1.2,1.22,0.04,0.04,4.41E+51,3.50E+50,3.30E+50
6273,113.5,31.6,31.6,5.96,3.37,11.7,1.47E+53,1.26E+53,1.57E+54
6274,184,8.9,9.6,1.11,0.07,0.08,3.52E+52,5.50E+51,6.90E+51
6280,121.3,18.3,24.7,4,1.27,3.03,8.63E+52,5.17E+52,2.37E+53
6285,41.4,27.4,13.6,1.12,0.82,0.62,1.81E+51,1.73E+51,3.50E+51
6288,32.1,3.4,28.4,0.54,0.07,0.69,5.72E+50,1.53E+50,3.69E+51
6295,84.5,5.9,7.1,1.6,0.17,0.23,1.13E+52,2.80E+51,4.50E+51
6303,194.1,11.3,12.2,4.06,0.57,0.74,2.26E+53,6.80E+52,1.09E+53
6304,128.8,48.4,33.3,7.01,4.87,14.7,2.49E+53,2.35E+53,2.93E+54
6309,33.1,21.9,43.6,0.95,0.68,3.4,9.75E+50,9.29E+50,3.84E+52
6315,99,9.5,10.4,2.67,0.48,0.66,3.10E+52,1.19E+52,2.17E+52
6317,88.8,39.6,30.1,5.85,4.26,17.28,8.68E+52,8.30E+52,1.85E+54
6319,113.4,42.4,36,7.39,5.19,27.7,2.13E+53,2.01E+53,6.61E+54
6320,72.7,23.6,13.8,1.23,0.5,0.38,6.17E+51,4.48E+51,5.79E+51
6321,154,12.3,13.3,3.02,0.49,0.65,8.98E+52,3.12E+52,5.31E+52
6322,83.8,19.6,21.6,1.47,0.47,0.71,1.01E+52,6.20E+51,1.64E+52
6323,95.3,13.6,11.1,5.61,1.96,2.68,9.33E+52,5.93E+52,1.37E+53
6329,229.8,5.5,5.7,3.16,0.17,0.18,2.14E+53,2.60E+52,3.10E+52
6335,147.9,11.7,13.1,2.25,0.32,0.41,5.41E+52,1.67E+52,2.74E+52
6344,59.1,33,47,1.13,0.72,2.02,3.70E+51,3.39E+51,4.17E+52
6349,111.9,54.9,79.4,2.16,1.38,7.11,2.94E+52,2.70E+52,8.78E+53
6351,45.8,6.5,5.4,0.95,0.17,0.16,1.87E+51,7.30E+50,8.50E+50
6353,281.4,47.3,43,10.2,5,12.43,2.33E+54,1.83E+54,1.15E+55
6369,56.5,29.3,35.2,1.8,1.15,3.52,5.85E+51,5.39E+51,7.28E+52
6397,198.7,5.3,5.5,2.39,0.12,0.13,1.07E+53,1.30E+52,1.50E+52
6399,36.5,21.3,43.4,0.81,0.52,2.04,1.03E+51,9.30E+50,2.12E+52
6404,175.5,5.1,5.2,0.96,0.04,0.04,2.77E+52,2.60E+51,2.80E+51
6405,85.7,18.1,28,4.31,1.83,7.57,4.86E+52,3.56E+52,4.54E+53
6413,61,10,9.6,0.93,0.19,0.21,3.25E+51,1.41E+51,2.09E+51
6422,68.4,1.4,1.5,0.7,0.02,0.02,3.17E+51,1.90E+50,2.20E+50
6436,156.5,43.4,47.3,2.05,0.84,1.52,5.35E+52,3.88E+52,1.50E+53
6440,47.7,10.4,12.5,0.72,0.18,0.25,1.57E+51,8.00E+50,1.72E+51
6453,118.1,6.4,6.8,1.61,0.14,0.16,2.22E+52,4.40E+51,5.80E+51
6472,470.2,42.2,46.2,3.18,0.59,0.82,9.06E+53,3.51E+53,6.57E+53
6489,123.9,1.4,1.4,3.95,0.12,0.12,8.81E+52,6.00E+51,6.50E+51
6504,154.8,4,4,1.67,0.07,0.07,4.00E+52,4.10E+51,4.40E+51
6521,133.4,25.7,24.3,7.15,3.39,8.07,2.78E+53,2.16E+53,1.26E+54
6522,98.1,83,21.4,1.47,1.31,0.59,1.38E+52,1.37E+52,1.76E+52
6523,92.4,27.5,58.6,1.48,0.59,2.4,1.23E+52,8.80E+51,1.15E+53
6525,349.9,36.6,25.2,10.19,3.6,4.18,3.60E+54,2.27E+54,4.21E+54
6528,222.4,15.3,16.1,7.83,1.76,2.66,9.04E+53,4.01E+53,8.56E+53
6531,66.2,5,4.7,3.13,0.49,0.55,1.76E+52,5.90E+51,8.30E+51
6538,48.6,10.1,6.9,0.83,0.21,0.16,1.86E+51,9.40E+50,1.01E+51
6539,310.4,76.9,64.2,4.1,1.92,3.26,5.89E+53,4.59E+53,1.71E+54
6546,73.6,3.6,3.6,1.55,0.12,0.13,8.30E+51,1.48E+51,1.75E+51
6552,36.7,22.8,15,1.05,0.72,0.73,1.32E+51,1.25E+51,3.50E+51
6554,69.3,9.8,10.8,1.71,0.37,0.5,8.26E+51,3.72E+51,7.24E+51
6560,177.9,3.9,4,2.46,0.11,0.11,8.89E+52,9.00E+51,1.02E+52
6564,117,17.5,21.3,5.79,2.12,5.26,1.48E+53,9.80E+52,5.04E+53
6578,107.2,60.7,54.3,3.77,2.88,14.34,6.12E+52,5.94E+52,2.17E+54
6582,69.6,47.9,53.9,1.72,1.35,4.83,8.42E+51,8.21E+51,1.96E+53
6583,90.4,4.2,4.9,6.67,0.98,1.45,1.13E+53,3.50E+52,6.40E+52
6585,48.2,28.4,41.4,0.81,0.52,1.25,1.78E+51,1.63E+51,1.58E+52
6587,326.5,4.6,4.4,1.07,0.02,0.02,1.07E+53,5.00E+51,5.00E+51
6593,261.4,5.6,5.7,2.4,0.1,0.11,1.86E+53,1.80E+52,2.00E+52
6598,73.2,8.6,24.2,1.9,0.36,1.5,1.06E+52,4.20E+51,3.25E+52
6601,39.3,22.5,49.2,0.82,0.52,2.28,1.20E+51,1.09E+51,2.98E+52
6605,117.9,8.6,8.9,2.86,0.42,0.51,4.86E+52,1.54E+52,2.35E+52
6610,72.4,4.4,5.5,1.95,0.2,0.28,1.07E+52,2.50E+51,4.20E+51
6611,112.3,25.8,43.5,3.5,1.47,6.53,5.98E+52,4.37E+52,6.33E+53
6621,115.4,10.9,13.2,0.97,0.12,0.16,1.22E+52,3.40E+51,5.50E+51
6625,81.7,7.4,7.9,2.18,0.34,0.43,1.58E+52,5.40E+51,8.80E+51
6629,419.2,77.4,95.7,8.69,4.29,18.91,3.87E+54,3.07E+54,4.70E+55
6630,288.4,5.2,5.3,1.9,0.06,0.06,1.65E+53,1.20E+52,1.40E+52
6631,92.7,33.5,35.2,2.74,1.49,3.71,2.83E+52,2.41E+52,1.85E+53
6641,42.5,21.3,42,0.91,0.52,1.89,1.55E+51,1.34E+51,2.27E+52
6649,87.1,33.8,21.9,6.65,4.64,12.29,1.04E+53,9.80E+52,1.00E+54
6657,93.8,41.7,34.2,3.03,1.93,4.28,3.36E+52,3.07E+52,2.32E+53
6666,88.5,49,42,4.82,3.78,25.14,6.23E+52,6.08E+52,3.77E+54
6672,116.2,15.4,15.9,1.35,0.26,0.31,1.75E+52,7.10E+51,1.14E+52
6683,188.3,14.9,15.7,5.4,1.14,1.65,3.41E+53,1.46E+53,2.92E+53
6762,129.6,39,36.7,6.31,3.8,13.92,2.11E+53,1.87E+53,2.72E+54
6763,155,21.2,32.4,3.54,0.99,2.5,1.16E+53,6.30E+52,2.92E+53
6767,88.9,46.3,32.7,3.86,2.83,7.4,4.38E+52,4.21E+52,4.78E+53
6802,123.1,40.8,36.1,3.6,1.97,4.26,7.51E+52,6.42E+52,3.91E+53
6814,197.6,23.8,28,4.19,1.13,2.03,2.47E+53,1.30E+53,3.76E+53
6816,85.3,6.9,3.5,0.87,0.09,0.05,5.97E+51,1.39E+51,8.40E+50
6830,93.6,18.1,28,7.36,3.53,23.36,1.43E+53,1.12E+53,3.34E+54
6877,143.8,12.6,11.2,7.44,1.99,2.66,3.46E+53,1.78E+53,3.48E+53
6882,44.7,50.1,35.8,1.14,1.04,2.09,2.15E+51,2.14E+51,2.51E+52
6892,196.8,61.2,58,5.42,3.19,10.52,3.74E+53,3.30E+53,3.99E+54
6904,1206,31.5,32.8,4.14,0.28,0.31,9.03E+54,1.36E+54,1.69E+54
6917,153,29.3,27.7,2.27,0.71,0.95,5.86E+52,3.51E+52,7.77E+52
6930,100.4,6.9,7.4,1.02,0.09,0.11,9.70E+51,2.04E+51,2.72E+51
6963,199.3,29.7,36.8,1.05,0.2,0.29,3.91E+52,1.61E+52,3.27E+52
7012,300.4,4.9,5.1,1.64,0.04,0.05,1.48E+53,1.00E+52,1.00E+52
7028,208.2,17.8,20.7,1.07,0.12,0.16,4.38E+52,1.14E+52,1.74E+52
7030,52.2,23.8,29.4,1.25,0.69,1.48,3.24E+51,2.78E+51,1.85E+52
7087,197.3,48.7,57.4,7.14,3.96,20.09,6.05E+53,5.14E+53,1.15E+55
7207,136.8,31,41.7,7.23,3.82,23.49,2.98E+53,2.47E+53,7.23E+54
7209,81.9,13.7,37.1,1.56,0.38,1.61,1.03E+52,5.10E+51,4.74E+52
7213,72.5,31.4,19.3,3.6,2.35,3.68,2.61E+52,2.41E+52,1.10E+53
7228,175.8,21.6,26.8,3.22,0.79,1.4,1.29E+53,6.30E+52,1.75E+53
7230,190.1,27.8,37.4,10.08,4.49,19.57,1.04E+54,7.70E+53,1.04E+55
7240,612,98.1,101.8,11.48,5.68,18.71,1.37E+55,1.08E+55,1.03E+56
7250,134.6,11.1,12.3,3.3,0.57,0.8,7.85E+52,2.88E+52,5.33E+52
7255,240.5,21.8,23.5,3.98,0.82,1.19,3.37E+53,1.43E+53,2.85E+53
7263,41.9,31.6,54.3,0.81,0.64,2.34,1.34E+51,1.31E+51,3.60E+52
7285,93.1,33.9,36.7,2.05,1.04,2.2,1.89E+52,1.56E+52,9.02E+52
7293,186.5,16.1,17.9,8.48,2.38,4.35,7.33E+53,3.89E+53,1.14E+54
7295,353.4,15.7,16.9,5.65,0.73,0.95,1.30E+54,3.60E+53,5.60E+53
7298,141.4,15.1,42.7,7.35,2.29,23.97,3.27E+53,1.90E+53,7.98E+54
7301,564.8,10.3,10.6,1.1,0.03,0.03,3.31E+53,2.00E+52,2.30E+52
7319,164.9,26.6,37.4,5.75,2.22,7.39,2.91E+53,1.98E+53,1.63E+54
7323,96.4,43.2,40.1,5.42,3.91,24.31,8.99E+52,8.57E+52,4.04E+54
7328,103.4,10.9,28.1,6.92,2.08,15.93,1.57E+53,8.90E+52,2.15E+54
7374,193.4,6.8,8.3,2.9,0.21,0.28,1.34E+53,2.20E+52,3.40E+52
7390,254.4,17.1,18.8,11.28,2.95,5.17,2.29E+54,1.14E+54,3.04E+54
7403,144.8,22.6,25.7,10.02,4.65,15.75,5.98E+53,4.56E+53,4.29E+54
7429,223.5,8.7,9.2,9.5,1.43,1.91,1.29E+54,4.00E+53,6.60E+53
7446,138.8,14.4,15.3,1.4,0.21,0.26,2.60E+52,8.60E+51,1.32E+52
7452,90.81,67.4,21.2,4.14,1.38,3.95,5.10E+52,3.16E+52,1.92E+53
7464,367.21,26.1,92.9,6.61,4.33,12.29,1.83E+54,1.69E+54,1.78E+55
7469,67.5,24.6,39.6,1.08,0.48,1.2,4.63E+51,3.52E+51,2.43E+52
7475,149.4,13.1,14.9,1.93,0.28,0.37,4.50E+52,1.44E+52,2.41E+52
7477,232.2,29.7,35.5,5.65,1.81,3.9,5.59E+53,3.34E+53,1.31E+54
7481,114.9,54.5,32.3,3.59,2.47,3.98,6.53E+52,6.14E+52,3.08E+53
7487,79.2,7,7.4,2.34,0.37,0.47,1.64E+52,5.60E+51,9.10E+51
7491,428.6,6,6.1,2.03,0.05,0.05,3.94E+53,2.40E+52,2.60E+52
7494,111,14.9,16.1,4.69,1.45,2.57,9.36E+52,5.46E+52,1.65E+53
7497,133,19.7,16,5.76,2.09,2.92,1.89E+53,1.24E+53,2.98E+53
7502,110.2,41.3,47,3.69,2.21,9,6.26E+52,5.57E+52,1.03E+54
7503,198.2,12.8,13.5,3.68,0.54,0.69,2.02E+53,6.40E+52,1.01E+53
7504,116.6,22.4,21.9,4.07,1.57,2.8,8.20E+52,5.65E+52,1.97E+53
7515,221.2,12,13,5.44,0.83,1.12,4.76E+53,1.53E+53,2.61E+53
7527,400.7,9.6,9.9,3.8,0.22,0.25,8.69E+53,1.16E+53,1.39E+53
7528,70.7,45.8,31.2,2.61,2.05,4.33,1.53E+52,1.49E+52,1.39E+53
7529,177.8,10.6,11.5,2.38,0.26,0.32,8.47E+52,2.10E+52,3.05E+52
7530,146.9,6.2,6.4,1.28,0.08,0.09,2.63E+52,3.80E+51,4.50E+51
7548,184.2,17.6,21.2,5.57,1.4,2.59,3.44E+53,1.70E+53,4.87E+53
7550,120.4,16.1,21.6,2.03,0.44,0.78,3.12E+52,1.42E+52,3.76E+52
7551,71.1,14.7,35,2.08,0.67,3.2,1.12E+52,6.90E+51,9.29E+52
7564,82.1,5.7,3.4,2.1,0.25,0.16,1.53E+52,4.10E+51,3.10E+51
7566,40.7,11.1,8.6,1.07,0.37,0.35,1.66E+51,1.07E+51,1.66E+51
7567,68.9,5.8,5.3,1.82,0.25,0.25,8.84E+51,2.66E+51,3.33E+51
7568,49.4,25.6,25.8,1.84,1.19,2.74,4.61E+51,4.25E+51,3.67E+52
7573,52.2,23.8,16.2,0.96,0.51,0.46,2.45E+51,2.05E+51,3.96E+51
7575,467.9,6.1,6.2,2.82,0.08,0.08,7.51E+53,5.00E+52,5.40E+52
7579,31.3,25.3,32.8,0.74,0.62,1.4,6.94E+50,6.83E+50,8.79E+51
7588,74.7,11.5,2.6,1.44,0.32,0.08,7.79E+51,3.57E+51,1.12E+51
7598,109.3,15,15.6,2.34,0.55,0.75,3.12E+52,1.50E+52,2.99E+52
7603,93.6,39.2,20.2,2.31,1.33,1.21,2.24E+52,1.97E+52,3.94E+52
7605,136.2,17.3,27.1,4.06,1.13,3.02,1.12E+53,6.00E+52,2.97E+53
7607,60.9,5,4,0.95,0.1,0.09,3.29E+51,8.00E+50,7.90E+50
7608,92.4,20.1,23.9,7.33,3.79,16.46,1.39E+53,1.14E+53,1.81E+54
7630,127.2,31.1,24.2,4.09,1.89,2.88,9.85E+52,7.63E+52,2.44E+53
7638,66.8,3.3,3.3,1.74,0.14,0.15,7.83E+51,1.45E+51,1.79E+51
7645,70.7,25.8,15.9,2.54,1.36,1.51,1.47E+52,1.24E+52,3.01E+52
7657,74.7,2.9,2.7,1.03,0.05,0.05,5.41E+51,6.70E+50,7.00E+50
7677,73.4,17.7,7.3,2.07,0.76,0.41,1.19E+52,8.00E+51,6.60E+51
7678,323.5,7.2,7.4,2.96,0.14,0.15,3.86E+53,4.30E+52,5.00E+52
7688,258,27.6,30.9,5.73,1.6,2.87,7.07E+53,3.80E+53,1.10E+54
7695,871.4,39.8,42.4,6.32,0.89,1.17,9.56E+54,2.84E+54,4.57E+54
7701,185.3,29.8,33.6,9.09,4.16,13.18,8.20E+53,6.20E+53,5.26E+54
7703,174.6,54.4,81.4,3.82,2.04,12.03,1.66E+53,1.40E+53,4.20E+54
7705,44.3,31.1,59,0.98,0.74,3.72,1.80E+51,1.74E+51,7.96E+52
7707,62.8,34.2,37.2,2.87,2.06,9.96,1.39E+52,1.33E+52,4.35E+53
7711,206.6,10.9,11.4,5.15,0.74,0.96,3.79E+53,1.16E+53,1.85E+53
7727,126.6,14.4,12.3,4,1,1.18,9.40E+52,4.69E+52,7.91E+52
7744,79.5,2.7,2.4,1.85,0.11,0.1,1.20E+52,1.60E+51,1.60E+51
7750,90.9,37.4,74,2.08,1.16,8.9,1.84E+52,1.59E+52,8.97E+53
7762,103.9,30.3,16.3,2.83,1.33,1.17,3.72E+52,2.93E+52,4.76E+52
7769,120.1,31.4,43.8,3.33,1.51,5.23,6.34E+52,4.87E+52,5.12E+53
7770,121.9,37.6,51.1,2.48,1.16,3.53,4.21E+52,3.32E+52,3.02E+53
7781,121.2,11.3,12.4,1.76,0.26,0.33,2.61E+52,8.50E+51,1.36E+52
7785,148.3,4.3,8.8,4.24,0.31,0.75,1.41E+53,2.40E+52,6.60E+52
7786,101.9,49.8,31.4,1.19,0.69,0.63,1.17E+52,1.02E+52,2.14E+52
7788,244.4,31.8,28.4,10.08,4.15,7.86,1.72E+54,1.21E+54,4.54E+54
7803,97.5,6.7,7,2.98,0.42,0.52,3.54E+52,1.08E+52,1.64E+52
7818,178.8,52,38.9,8.79,5.66,17.56,7.19E+53,6.55E+53,7.60E+54
7822,96.7,10.4,10.8,1.57,0.26,0.31,1.44E+52,5.10E+51,7.90E+51
7831,92.3,44.1,43.7,3.03,2.03,6.94,3.26E+52,3.04E+52,4.91E+53
7840,172.1,8.1,8.5,6.56,0.97,1.26,3.97E+53,1.23E+53,1.98E+53
7841,109.2,49.1,56.8,2.38,1.46,4.74,3.20E+52,2.89E+52,3.95E+53
7845,448.6,92.8,103.4,10.9,6.18,34.18,6.68E+54,5.71E+54,1.45E+56
7858,96.4,2.6,2.5,1.67,0.07,0.07,1.55E+52,1.60E+51,1.70E+51
7868,214.8,32.1,56.9,8.98,3.89,29.2,1.08E+54,7.90E+53,2.55E+55
7886,126.8,62.1,7.1,4.45,3.24,0.75,1.12E+53,1.07E+53,5.00E+52
7929,684.4,70.9,83.7,9.94,3.45,8.28,1.32E+55,8.20E+54,3.80E+55
7932,140.8,16.2,20.4,3.51,0.84,1.53,9.47E+52,4.56E+52,1.28E+53
7934,45.4,39.5,40.8,1.42,1.29,4.1,2.82E+51,2.81E+51,7.12E+52
7938,149.1,30.3,38.8,8.51,4.43,24.17,4.72E+53,3.86E+53,8.93E+54
7954,244.2,5.3,5.4,0.97,0.03,0.03,5.41E+52,3.80E+51,4.10E+51
7969,83.2,6.1,11.5,1.36,0.15,0.31,9.00E+51,2.19E+51,5.92E+51
7976,171.6,2,2.4,2.35,0.05,0.07,7.75E+52,4.10E+51,5.40E+51
7987,292,17.8,20,2.8,0.34,0.44,2.88E+53,7.80E+52,1.23E+53
7992,23,3.3,33.4,0.6,0.1,1.57,3.18E+50,1.12E+50,7.19E+51
7994,274,5.5,5.6,7.38,0.52,0.59,1.24E+54,1.90E+53,2.40E+53
7998,90.6,3.1,2.3,1.42,0.07,0.06,1.13E+52,1.40E+51,1.10E+51
8001,136.1,6.4,6.6,8.21,1.36,1.81,3.69E+53,1.26E+53,2.11E+53
8004,74.9,13.3,24,0.99,0.22,0.5,5.22E+51,2.44E+51,9.02E+51
8008,529.5,9.1,9.3,5.86,0.32,0.35,3.09E+54,3.70E+53,4.40E+53
8012,93.9,48.3,46.2,3.84,2.8,14.01,4.85E+52,4.65E+52,1.59E+54
8019,95.9,3.5,3.6,1.62,0.1,0.1,1.48E+52,2.10E+51,2.40E+51
8022,136,23.8,25.3,1.7,0.44,0.61,3.15E+52,1.65E+52,3.51E+52
8026,70,41.3,34.1,3.03,2.3,7.38,1.87E+52,1.81E+52,3.12E+53
8030,166.7,13.1,13.7,3.14,0.51,0.65,1.12E+53,3.90E+52,6.40E+52
8036,106.7,4.8,4.9,3.65,0.38,0.44,5.79E+52,1.35E+52,1.80E+52
8049,23.3,15.4,45.6,0.46,0.31,1.55,2.70E+50,2.51E+50,9.78E+51
8050,81.7,3.2,3.2,1.49,0.09,0.1,9.74E+51,1.38E+51,1.61E+51
8059,62.7,28.8,39.2,1.25,0.69,1.72,4.68E+51,4.02E+51,3.37E+52
8063,260.7,43.4,47.3,7.41,3.22,8.59,1.13E+54,8.30E+53,5.30E+54
8064,61.9,19.6,5,2.36,1.11,0.41,1.01E+52,8.00E+51,4.80E+51
8066,83.5,63.4,19.1,2.41,2.06,1.4,1.90E+52,1.88E+52,3.82E+52
8073,127.5,50.9,80.3,2.14,1.18,5.37,3.76E+52,3.23E+52,6.95E+53
8075,138.8,10.8,11.7,2.72,0.41,0.54,6.26E+52,2.04E+52,3.38E+52
8084,126,4.9,4.9,6.15,0.74,0.88,1.91E+53,4.90E+52,6.90E+52
8087,341.3,38.5,43.5,6.96,2.21,4.46,1.73E+54,1.02E+54,3.63E+54
8098,148.6,16.3,19.3,2.06,0.38,0.55,4.85E+52,1.90E+52,3.78E+52
8099,79.5,11.3,12.1,0.74,0.13,0.15,4.49E+51,1.66E+51,2.54E+51
8105,17.1,5.4,5.5,0.41,0.14,0.15,1.36E+50,8.40E+49,1.55E+50
8111,354.5,88.3,46.6,7.98,4.6,6.05,2.38E+54,2.06E+54,6.15E+54
8116,241.2,18.2,30.7,11.78,3.44,12.32,2.23E+54,1.21E+54,8.69E+54
8121,103.8,20.9,24.7,8.43,4.34,19.23,2.25E+53,1.83E+53,2.96E+54
