,Unnamed: 0,id,GRB_name,GRB_name_Fermi,T0,T0_source,ra,ra_source,decl,decl_source,pos_error,pos_error_source,T90,T90_source,T90_error,T90_error_source,T90_start,T90_start_source,fluence,fluence_source,fluence_error,fluence_error_source,redshift,redshift_source,T100,GBM_located,mjd,mjd_source,Alpha,Alpha_err_pos,Alpha_err_neg
0,84,85,GRB080905A,GRB080905499,43134.0,"GCN_circulars,Swift Det",287.67408333333333,Swift,-18.880166666666668,Swift,0.0002071069341265,Swift,0.96,Fermi_GBM,0.345,Fermi_GBM,43134.974,Fermi_GBM,8.5046e-07,Fermi_GBM,4.6217e-08,Fermi_GBM,0.1218,,1.934,0,54714.49923611112,"GCN_circulars,Swift Det",0.1894479,0.4718503,0.4718503
1,85,86,GRB080905B,GRB080905705,60941.723,Fermi_GBM,301.74120833333336,Swift,-62.56305555555556,Swift,9.06092836803498e-05,Swift,105.984,Fermi_GBM,6.802,Fermi_GBM,60941.723,Fermi_GBM,2.9093e-06,Fermi_GBM,3.6346e-08,Fermi_GBM,2.374,,131.277,0,54714.705344016205,Fermi_GBM,-0.8522729,0.2608214,0.2608214
2,93,94,GRB080916A,GRB080916406,35118.0,"GCN_circulars,Fermi GBM Det",336.2758333333333,Swift,-57.02302777777778,Swift,6.472091691453557e-05,Swift,46.337,Fermi_GBM,7.173,Fermi_GBM,35119.450000000004,Fermi_GBM,7.8107e-06,Fermi_GBM,8.1758e-08,Fermi_GBM,0.689,,62.0,0,54725.40645833333,"GCN_circulars,Fermi GBM Det",-0.7807099,0.1424407,0.1424407
3,101,102,GRB080928A,GRB080928628,54092.0,"GCN_circulars,Swift Det",95.07015,Swift,-55.19970833333333,Swift,6.472091691453557e-05,Swift,14.336,Fermi_GBM,4.007,Fermi_GBM,54294.256,Fermi_GBM,1.165e-06,Fermi_GBM,3.7608e-08,Fermi_GBM,1.692,Swift,280.0,0,54737.626064814816,"GCN_circulars,Swift Det",-1.458193,0.3105181,0.3105181
4,109,110,GRB081008A,GRB081008832,71881.799,Fermi_GBM,279.9578208333333,Swift,-57.431352777777775,Swift,7.766510029744268e-05,Swift,126.722,Fermi_GBM,2.36,Fermi_GBM,71882.567,Fermi_GBM,4.1957e-06,Fermi_GBM,5.3506e-08,Fermi_GBM,1.967,,192.701,0,54747.8319652662,Fermi_GBM,-1.011235,0.2595742,0.2595742
5,132,133,GRB081109A,GRB081109293,25315.503,Fermi_GBM,330.7899125,Swift,-54.71124722222222,Swift,0.0001035534670632,Swift,58.369,Fermi_GBM,5.221,Fermi_GBM,25315.503,Fermi_GBM,6.5456e-06,Fermi_GBM,5.8667e-08,Fermi_GBM,0.9787,IPN,200.497,0,54779.293003506944,Fermi_GBM,-0.1899425,22.10149,22.10149
6,137,138,GRB081121A,GRB081121858,74127.5,"GCN_circulars,Fermi GBM Det",89.275625,Swift,-60.602777777777774,Swift,7.766510029744268e-05,Swift,41.985,Fermi_GBM,8.51,Fermi_GBM,74129.29,Fermi_GBM,1.5272e-05,Fermi_GBM,2.1998e-07,Fermi_GBM,2.512,,43.775,0,54791.857957175926,"GCN_circulars,Fermi GBM Det",-0.4351371,0.3142671,0.3142671
7,167,168,GRB081221A,GRB081221681,58871.0,"GCN_circulars,Swift Det",15.792708333333332,Swift,-24.54813888888889,Swift,0.0001812185673606,Swift,29.697,Fermi_GBM,0.41,Fermi_GBM,58875.546,Fermi_GBM,3.0037e-05,Fermi_GBM,8.6881e-08,Fermi_GBM,2.26,,34.243,0,54821.68137731482,"GCN_circulars,Swift Det",-0.8387346,0.07100931,0.07100931
8,168,169,GRB081222A,GRB081222204,17639.0,"GCN_circulars,Swift Det",22.73995833333333,Swift,-34.094858333333335,Swift,6.472091691453557e-05,Swift,18.88,Fermi_GBM,2.318,Fermi_GBM,17640.64,Fermi_GBM,1.1887e-05,Fermi_GBM,9.5653e-08,Fermi_GBM,2.77,,24.0,0,54822.20415509259,"GCN_circulars,Swift Det",-0.8443683,0.1135384,0.1135384
9,177,178,GRB090102A,GRB090102122,10530.846,Fermi_GBM,128.24391666666668,Swift,33.114222222222224,Swift,0.0001423860172119,Swift,26.624,Fermi_GBM,0.81,Fermi_GBM,10532.382,Fermi_GBM,2.7909e-05,Fermi_GBM,6.1005e-08,Fermi_GBM,1.547,"GCN_circulars,Optical",41.154,0,54833.12188479167,Fermi_GBM,-0.9345439,0.07140389,0.07140389
10,188,189,GRB090113A,GRB090113778,67238.79400000001,Fermi_GBM,32.057500000000005,Swift,33.428416666666664,Swift,0.0001941627507436,Swift,17.408,Fermi_GBM,3.238,Fermi_GBM,67238.79400000001,Fermi_GBM,1.5738e-06,Fermi_GBM,4.83e-08,Fermi_GBM,1.7493,,17.408,0,54844.77822678241,Fermi_GBM,-1.182721,0.1908257,0.1908257
11,235,236,GRB090323A,GRB090323002,162.0,Fermi_LAT,190.70955,Fermi_LAT,17.053306,Fermi_LAT,1.39e-05,Fermi_LAT,133.89,Fermi_GBM,0.572,Fermi_GBM,171.33100000000002,Fermi_GBM,0.00010833,Fermi_GBM,4.1606e-08,Fermi_GBM,3.57,,143.221,0,54913.001875,Fermi_LAT,-1.183079,0.05673534,0.05673534
12,239,240,GRB090328A,GRB090328401,34606.0,Fermi_LAT,90.665292,Fermi_LAT,-41.881611,Fermi_LAT,6.94425e-05,Fermi_LAT,61.697,Fermi_GBM,1.81,Fermi_GBM,34610.863,Fermi_GBM,4.2022e-05,Fermi_GBM,6.5336e-08,Fermi_GBM,0.736,,66.56,0,54918.40053240741,Fermi_LAT,-1.082825,0.03896242,0.03896242
13,264,265,GRB090423A,GRB090423330,28519.0,"GCN_circulars,Swift Det",148.88858333333334,Swift,18.149416666666667,Swift,0.0001812185673606,Swift,7.168,Fermi_GBM,2.415,Fermi_GBM,28519.506,Fermi_GBM,8.164e-07,Fermi_GBM,7.15e-08,Fermi_GBM,8.0,"GCN_circulars,GROND",10.3,0,54944.33008101852,"GCN_circulars,Swift Det",-0.5529365,0.4890429,0.4890429
14,265,266,GRB090424A,GRB090424592,50892.67,"GCN_circulars,Fermi GBM Det",189.52129166666668,Swift,16.837527777777776,Swift,9.578695703351264e-05,Swift,14.144,Fermi_GBM,0.264,Fermi_GBM,51129.177,Fermi_GBM,4.6323e-05,Fermi_GBM,3.8592e-08,Fermi_GBM,0.544,"GCN_circulars,Other",284.33,0,54945.58903553241,"GCN_circulars,Fermi GBM Det",-1.021866,0.02356583,0.02356583
15,280,281,GRB090510A,GRB090510016,1379.0,Fermi_LAT,333.55208333333337,Swift,-26.583111111111112,Swift,7.89595186357334e-05,Swift,0.96,Fermi_GBM,0.138,Fermi_GBM,1379.923,Fermi_GBM,3.3732e-06,Fermi_GBM,4.0576e-08,Fermi_GBM,0.903,"GCN_circulars,Optical",1.883,0,54961.01596064815,Fermi_LAT,-0.8436175,0.04780675,0.04780675
16,284,285,GRB090516A,GRB090516353,30440.203,Fermi_GBM,138.26049999999998,Swift,-11.854416666666667,Swift,0.0001941627507436,Swift,123.138,Fermi_GBM,2.064,Fermi_GBM,30440.203,Fermi_GBM,1.6267e-05,Fermi_GBM,7.9118e-08,Fermi_GBM,4.1045,,239.797,0,54967.352317164354,Fermi_GBM,-1.456042,0.4237399,0.4237399
17,290,291,GRB090519A,GRB090519881,76124.33700000001,Fermi_GBM,142.27908333333335,Swift,0.1801111111111111,Swift,0.0001941627507436,Swift,74.177,Fermi_GBM,5.177,Fermi_GBM,76124.33700000001,Fermi_GBM,5.7264e-06,Fermi_GBM,6.1164e-08,Fermi_GBM,3.875,,75.663,0,54970.88106871528,Fermi_GBM,-0.930611,0.2118177,0.2118177
18,319,320,GRB090618A,GRB090618353,30504.974,"GCN_circulars,Konus-Wind Det",293.9945416666667,Swift,78.35675,Swift,9.578695703351264e-05,Swift,112.386,Fermi_GBM,1.086,Fermi_GBM,30514.595,Fermi_GBM,0.00026845,Fermi_GBM,4.2894e-07,Fermi_GBM,0.54,,122.007,0,55000.35306682871,"GCN_circulars,Konus-Wind Det",-1.114409,0.03082234,0.03082234
19,382,383,GRB090902B,GRB090902462,39908.0,Fermi_LAT,264.93921,Fermi_LAT,27.324194,Fermi_LAT,0.000138885,Fermi_LAT,19.328,Fermi_GBM,0.286,Fermi_GBM,39911.129,Fermi_GBM,0.00022179,Fermi_GBM,3.1732e-07,Fermi_GBM,1.822,,22.457,0,55076.46189814815,Fermi_LAT,-1.007755,0.0086658,0.0086658
20,391,392,GRB090926A,GRB090926181,15626.0,Fermi_LAT,353.400154,Fermi_LAT,-66.324067,Fermi_LAT,3.05547e-05,Fermi_LAT,13.76,Fermi_GBM,0.286,Fermi_GBM,15629.163,Fermi_GBM,0.00014657,Fermi_GBM,3.4076e-07,Fermi_GBM,2.1062,"GCN_circulars,Other",16.923,0,55100.18085648148,Fermi_LAT,-0.8480111,0.02412319,0.02412319
21,392,393,GRB090926B,GRB090926914,78928.525,Fermi_GBM,46.308125,Swift,-39.006,Swift,0.0001812185673606,Swift,64.001,Fermi_GBM,1.557,Fermi_GBM,78929.549,Fermi_GBM,1.0534e-05,Fermi_GBM,2.7681e-08,Fermi_GBM,1.24,,129.175,0,55100.91352459491,Fermi_GBM,0.2346046,0.254303,0.254303
22,393,394,GRB090927A,GRB090927422,36436.0,"GCN_circulars,Swift Det",343.9725416666667,Swift,-70.98036111111111,Swift,8.154835531231482e-05,Swift,0.512,Fermi_GBM,0.231,Fermi_GBM,36437.022,Fermi_GBM,3.0258e-07,Fermi_GBM,1.8341e-08,Fermi_GBM,1.37,,2.2,0,55101.42171296296,"GCN_circulars,Swift Det",-0.7267829,1.07317,1.07317
23,396,397,GRB091003A,GRB091003191,16543.801,"GCN_circulars,Konus-Wind Det",251.5198,Fermi_LAT,36.6247,Fermi_LAT,0.000472209,Fermi_LAT,20.224,Fermi_GBM,0.362,Fermi_GBM,16546.416999999998,Fermi_GBM,2.3315e-05,Fermi_GBM,7.7664e-08,Fermi_GBM,0.8969,"GCN_circulars,Fermi LAT Other",22.84,0,55107.19147917824,"GCN_circulars,Konus-Wind Det",-1.071775,0.04386729,0.04386729
24,399,400,GRB091020A,GRB091020900,77800.233,Fermi_GBM,175.73,Swift,50.97833333333333,Swift,6.472091691453557e-05,Swift,24.256,Fermi_GBM,7.973,Fermi_GBM,77800.233,Fermi_GBM,8.3474e-06,Fermi_GBM,1.5013e-07,Fermi_GBM,1.71,,38.367,0,55124.900465659724,Fermi_GBM,-1.245058,0.2082678,0.2082678
25,400,401,GRB091024A,GRB091024372,32155.4,Fermi_GBM,339.24,Swift,56.885,Swift,0.0077665100297442,Swift,93.954,Fermi_GBM,5.221,Fermi_GBM,32155.4,Fermi_GBM,8.561e-06,Fermi_GBM,6.0053e-08,Fermi_GBM,1.092,,115.4,0,55128.372168981485,Fermi_GBM,-1.329399,0.2230813,0.2230813
26,413,414,GRB091127A,GRB091127976,84345.0,"GCN_circulars,Swift Det",36.582875,Swift,-18.95239722222222,Swift,7.119300860598914e-05,Swift,8.701,Fermi_GBM,0.571,Fermi_GBM,84345.48599999999,Fermi_GBM,2.0729e-05,Fermi_GBM,3.7006e-08,Fermi_GBM,0.49,"GCN_circulars,Swift Other",9.187,0,55162.97621527778,"GCN_circulars,Swift Det",-1.254486,0.09400594,0.09400594
27,422,423,GRB091208B,GRB091208410,35397.0,Fermi_LAT,29.392208,Fermi_LAT,16.889722,Fermi_LAT,0.0,Fermi_LAT,12.48,Fermi_GBM,5.018,Fermi_GBM,35397.828,Fermi_GBM,6.1939e-06,Fermi_GBM,1.904e-07,Fermi_GBM,1.063,,14.9,0,55173.4096875,Fermi_LAT,-0.6151726,0.08014047,0.08014047
28,429,430,GRB100117A,GRB100117879,75979.0,"GCN_circulars,Swift Det",11.269,Swift,-1.5949166666666668,Swift,0.0003106604011897,Swift,0.256,Fermi_GBM,0.834,Fermi_GBM,75979.599,Fermi_GBM,4.2261e-07,Fermi_GBM,6.9345e-08,Fermi_GBM,0.92,IPN,0.855,0,55213.87938657407,"GCN_circulars,Swift Det",-0.1015688,0.5208668,0.5208668
29,437,438,GRB100206A,GRB100206563,48605.0,"GCN_circulars,Swift Det",47.162625,Swift,13.157027777777778,Swift,0.0004271580516359,Swift,0.176,Fermi_GBM,0.072,Fermi_GBM,48605.374,Fermi_GBM,7.5657e-07,Fermi_GBM,1.054e-08,Fermi_GBM,0.41,"GCN_circulars,Other",0.55,0,55233.56255787037,"GCN_circulars,Swift Det",-0.3208216,0.1680796,0.1680796
30,443,444,GRB100216A,GRB100216422,36420.0,Swift,154.263,Swift,35.524,Swift,0.0232995300892328,Swift,0.192,Fermi_GBM,0.143,Fermi_GBM,36420.123,Fermi_GBM,3.8763e-07,Fermi_GBM,1.4576e-08,Fermi_GBM,0.038,"GCN_circulars,Swift-BAT Det",0.315,0,55243.42152777778,Swift,0.7718957,1.332731,1.332731
31,463,464,GRB100413A,GRB100413732,63208.0,"GCN_circulars,Swift Det",266.2214166666667,Swift,15.834194444444444,Swift,0.0001812185673606,Swift,184.067,Fermi_GBM,7.786,Fermi_GBM,63212.436,Fermi_GBM,8.9809e-06,Fermi_GBM,9.3272e-08,Fermi_GBM,3.9,Swift,191.0,0,55299.73157407408,"GCN_circulars,Swift Det",-1.224273,0.5061957,0.5061957
32,465,466,GRB100414A,GRB100414097,8421.0,Fermi_LAT,192.12483,Fermi_LAT,8.6930306,Fermi_LAT,0.000138885,Fermi_LAT,26.497,Fermi_GBM,2.073,Fermi_GBM,8423.842,Fermi_GBM,8.8469e-05,Fermi_GBM,1.864e-07,Fermi_GBM,1.368,,29.339,0,55300.09746527778,Fermi_LAT,-0.6241747,0.04530507,0.04530507
33,488,489,GRB100615A,GRB100615083,7143.0,"GCN_circulars,Swift Det",177.20541666666668,Swift,-19.481166666666667,Swift,0.0001812185673606,Swift,37.377,Fermi_GBM,0.979,Fermi_GBM,7144.691,Fermi_GBM,8.7234e-06,Fermi_GBM,8.1997e-08,Fermi_GBM,1.398,"GCN_circulars,Swift-XRT Other",39.068,0,55362.08267361111,"GCN_circulars,Swift Det",-0.9064326,0.4405968,0.4405968
34,491,492,GRB100625A,GRB100625773,66747.799,"GCN_circulars,Konus-Wind Det",15.795458333333332,Swift,-39.08844444444444,Swift,0.0002329953008923,Swift,0.24,Fermi_GBM,0.276,Fermi_GBM,66748.37599999999,Fermi_GBM,5.6346e-07,Fermi_GBM,2.4515e-08,Fermi_GBM,0.452,IPN,0.817,0,55372.77254396991,"GCN_circulars,Konus-Wind Det",-0.5933414,0.5608718,0.5608718
35,495,496,GRB100704A,GRB100704149,12903.799,Fermi_GBM,133.64149999999998,Swift,-24.20280555555556,Swift,0.0001812185673606,Swift,171.523,Fermi_GBM,2.673,Fermi_GBM,12903.799,Fermi_GBM,8.3883e-06,Fermi_GBM,5.8907e-08,Fermi_GBM,3.6,Swift,201.701,0,55381.14934952546,Fermi_GBM,-0.9273553,0.1214833,0.1214833
36,506,507,GRB100728A,GRB100728095,8250.0,Fermi_LAT,88.758375,Fermi_LAT,-15.255667,Fermi_LAT,0.000138885,Fermi_LAT,165.378,Fermi_GBM,2.896,Fermi_GBM,8263.923,Fermi_GBM,0.00012788,Fermi_GBM,5.7601e-07,Fermi_GBM,1.567,"GCN_circulars,Konus-Wind Det",252.5,0,55405.09548611111,Fermi_LAT,-0.5096754,0.09827042,0.09827042
37,507,508,GRB100728B,GRB100728439,37912.926,Fermi_GBM,44.056112500000005,Swift,0.2811611111111111,Swift,6.730975359111699e-05,Swift,10.24,Fermi_GBM,1.846,Fermi_GBM,37912.926,Fermi_GBM,3.3388e-06,Fermi_GBM,6.4695e-08,Fermi_GBM,2.453,,14.174,0,55405.43880701389,Fermi_GBM,-1.449998,110.4198,110.4198
38,511,512,GRB100814A,GRB100814160,13808.809,Fermi_GBM,22.473375,Swift,-17.995444444444445,Swift,7.766510029744268e-05,Swift,150.53,Fermi_GBM,1.619,Fermi_GBM,13809.384999999998,Fermi_GBM,1.4938e-05,Fermi_GBM,9.4719e-08,Fermi_GBM,1.44,,176.691,0,55422.15982417824,Fermi_GBM,-0.2419193,0.4764232,0.4764232
39,512,513,GRB100816A,GRB100816026,2270.94,"GCN_circulars,Fermi GBM Det",351.7398333333333,Swift,26.578333333333333,Swift,6.472091691453557e-05,Swift,2.045,Fermi_GBM,0.229,Fermi_GBM,2270.947,Fermi_GBM,3.6504e-06,Fermi_GBM,5.3147e-08,Fermi_GBM,0.8035,"GCN_circulars,Other",2.96,0,55424.02628402778,"GCN_circulars,Fermi GBM Det",-0.3178162,0.09741139,0.09741139
40,521,522,GRB100906A,GRB100906576,49767.0,"GCN_circulars,Swift Det",28.683791666666664,Swift,55.63044444444444,Swift,7.89595186357334e-05,Swift,110.594,Fermi_GBM,2.828,Fermi_GBM,49768.398,Fermi_GBM,2.3285e-05,Fermi_GBM,5.7924e-08,Fermi_GBM,1.727,"GCN_circulars,Other",114.4,0,55445.57600694445,"GCN_circulars,Swift Det",-0.9262548,0.1289205,0.1289205
41,545,546,GRB101213A,GRB101213451,38958.472,"GCN_circulars,Konus-Wind Det",241.3138333333333,Swift,21.89744444444445,Swift,0.0001812185673606,Swift,45.057,Fermi_GBM,1.95,Fermi_GBM,38961.055,Fermi_GBM,7.4027e-06,Fermi_GBM,1.0471e-07,Fermi_GBM,0.414,"GCN_circulars,Other",139.528,0,55543.45090824074,"GCN_circulars,Konus-Wind Det",-0.9755006,0.214608,0.214608
42,547,548,GRB101219B,GRB101219686,59273.0,"GCN_circulars,Swift Det",12.230625,Swift,-34.56652777777778,Swift,8.02539369740241e-05,Swift,51.009,Fermi_GBM,1.775,Fermi_GBM,59288.769,Fermi_GBM,3.989e-06,Fermi_GBM,4.8933e-08,Fermi_GBM,0.5519,"GCN_circulars,Other",66.778,0,55549.68603009259,"GCN_circulars,Swift Det",0.8852751,0.4779309,0.4779309
43,552,553,GRB110106B,GRB110106893,77159.182,Fermi_GBM,134.1545,Swift,47.00261111111111,Swift,0.0001812185673606,Swift,35.521,Fermi_GBM,3.612,Fermi_GBM,77159.182,Fermi_GBM,4.1105e-06,Fermi_GBM,5.6192e-08,Fermi_GBM,0.618,,42.618,0,55567.89304608797,Fermi_GBM,-0.9437097,0.3079879,0.3079879
44,559,560,GRB110128A,GRB110128073,6270.615000000001,Fermi_GBM,193.89625,Swift,28.06502777777778,Swift,0.0001682743839777,Swift,12.16,Fermi_GBM,4.971,Fermi_GBM,6270.615000000001,Fermi_GBM,1.425e-06,Fermi_GBM,1.0394e-07,Fermi_GBM,2.339,"GCN_circulars,Optical",33.085,0,55589.0725765625,Fermi_GBM,-0.6510782,877.5457,877.5457
45,568,569,GRB110213A,GRB110213220,19030.504,Fermi_GBM,42.964125,Swift,49.27320555555556,Swift,6.472091691453557e-05,Swift,34.305,Fermi_GBM,1.639,Fermi_GBM,19030.504,Fermi_GBM,9.3723e-06,Fermi_GBM,5.1569e-08,Fermi_GBM,1.46,,66.496,0,55605.22026046296,Fermi_GBM,-1.563161,0.09496114,0.09496114
46,611,612,GRB110721A,GRB110721200,17263.0,Fermi_LAT,333.65913,Fermi_LAT,-38.59325,Fermi_LAT,8.3331e-05,Fermi_LAT,21.822,Fermi_GBM,0.572,Fermi_GBM,17263.764,Fermi_GBM,3.7042e-05,Fermi_GBM,3.8458e-08,Fermi_GBM,0.382,"GCN_circulars,Optical",22.586,0,55763.19980324074,Fermi_LAT,-1.027921,0.05328757,0.05328757
47,613,614,GRB110731A,GRB110731465,40169.0,Fermi_LAT,280.50412500000004,Swift,-28.537166666666668,Swift,2.588836676581423e-05,Swift,7.485,Fermi_GBM,0.572,Fermi_GBM,40169.957,Fermi_GBM,2.2892e-05,Fermi_GBM,5.7035e-08,Fermi_GBM,2.83,"GCN_circulars,Other",39.8,0,55773.46491898148,Fermi_LAT,-0.8685686,0.06393832,0.06393832
48,620,621,GRB110818A,GRB110818860,74264.23700000001,Fermi_GBM,317.3369583333333,Swift,-63.981027777777776,Swift,0.0001812185673606,Swift,67.073,Fermi_GBM,3.916,Fermi_GBM,74264.23700000001,Fermi_GBM,5.1538e-06,Fermi_GBM,3.3148e-08,Fermi_GBM,3.36,"GCN_circulars,Optical",107.763,0,55791.85953978009,Fermi_GBM,-1.053983,0.555235,0.555235
49,649,650,GRB111107A,GRB111107035,3023.948,Fermi_GBM,129.47775,Swift,-66.52008333333333,Swift,8.413719198889624e-05,Swift,12.032,Fermi_GBM,0.923,Fermi_GBM,3023.948,Fermi_GBM,9.073e-07,Fermi_GBM,3.4762e-08,Fermi_GBM,2.893,,26.652,0,55872.03499939815,Fermi_GBM,-1.251887,0.4928986,0.4928986
50,652,653,GRB111117A,GRB111117510,44021.0,"GCN_circulars,Swift Det",12.704166666666666,IPN,23.016666666666666,IPN,0.05,IPN,0.432,Fermi_GBM,0.082,Fermi_GBM,44021.965,Fermi_GBM,5.6389e-07,Fermi_GBM,1.2828e-08,Fermi_GBM,2.211,IPN,1.397,0,55882.50950231482,"GCN_circulars,Swift Det",-0.4676512,0.5436388,0.5436388
51,670,671,GRB111228A,GRB111228657,56681.394,Fermi_GBM,150.06670833333334,Swift,18.297722222222223,Swift,9.708137537180334e-05,Swift,99.842,Fermi_GBM,2.111,Fermi_GBM,56681.394,Fermi_GBM,1.8138e-05,Fermi_GBM,5.7948e-08,Fermi_GBM,0.714,"GCN_circulars,Other",102.806,0,55923.65603465278,Fermi_GBM,-1.584363,0.07139528,0.07139528
52,677,678,GRB120118B,GRB120118709,61219.616,Fermi_GBM,124.871,Swift,-7.18475,Swift,0.0001812185673606,Swift,37.825,Fermi_GBM,12.586,Fermi_GBM,61219.616,Fermi_GBM,2.6631e-06,Fermi_GBM,4.668e-08,Fermi_GBM,2.943,"GCN_circulars,Other",37.825,0,55944.70856037037,Fermi_GBM,-0.2969581,0.496439,0.496439
53,678,679,GRB120119A,GRB120119170,14665.06,"GCN_circulars,Fermi GBM Det",120.028875,Swift,-9.081583333333333,Swift,7.637068195915197e-05,Swift,55.297,Fermi_GBM,6.229,Fermi_GBM,14668.136,Fermi_GBM,3.8673e-05,Fermi_GBM,1.3587e-07,Fermi_GBM,1.728,,258.95,0,55945.16973449074,"GCN_circulars,Fermi GBM Det",-0.9549604,0.06601751,0.06601751
54,690,691,GRB120302A,GRB120302080,6934.0,"GCN_circulars,Fermi GBM Det",122.39808333333332,Swift,29.628083333333333,Swift,7.766510029744268e-05,Swift,80.384,Fermi_GBM,16.927,Fermi_GBM,6934.77,Fermi_GBM,2.5347e-06,Fermi_GBM,5.5075e-08,Fermi_GBM,0.7,"GCN_circulars,GROND",81.154,0,55988.08025462963,"GCN_circulars,Fermi GBM Det",-1.352882,0.2483733,0.2483733
55,700,701,GRB120326A,GRB120326056,4829.0,"GCN_circulars,Swift Det",273.90470833333336,Swift,69.25982222222223,Swift,6.472091691453557e-05,Swift,11.776,Fermi_GBM,1.81,Fermi_GBM,4830.233,Fermi_GBM,3.2583e-06,Fermi_GBM,4.8406e-08,Fermi_GBM,1.798,"GCN_circulars,Optical",69.6,0,56012.0558912037,"GCN_circulars,Swift Det",-0.6790064,0.7233584,0.7233584
56,731,732,GRB120624B,GRB120624933,80377.90599999999,Fermi_GBM,170.88462,Fermi_LAT,8.9285556,Fermi_LAT,8.3331e-05,Fermi_LAT,271.364,Fermi_GBM,4.58,Fermi_GBM,80377.90599999999,Fermi_GBM,0.00019164,Fermi_GBM,1.9778e-07,Fermi_GBM,1.3487,,271.364,0,56102.930299837964,Fermi_GBM,-0.9156927,0.04797626,0.04797626
57,733,734,GRB120707A,GRB120707800,69137.42,"GCN_circulars,Fermi GBM Det",291.874,"GCN_circulars,IPN Triangulation",-32.77,"GCN_circulars,IPN Triangulation",,,40.96,Fermi_GBM,4.238,Fermi_GBM,69138.94900000001,Fermi_GBM,9.355e-05,Fermi_GBM,7.0713e-07,Fermi_GBM,1.405,"GCN_circulars,Konus-Wind Det",42.489,0,56115.80020162037,"GCN_circulars,Fermi GBM Det",-1.031019,0.08300519,0.08300519
58,735,736,GRB120711A,GRB120711115,9888.0,"GCN_circulars,INTEGRAL",94.678496,Fermi_LAT,-70.999106,Fermi_LAT,0.0,Fermi_LAT,44.033,Fermi_GBM,0.724,Fermi_GBM,9955.759,Fermi_GBM,0.00019428,Fermi_GBM,2.2751e-07,Fermi_GBM,1.80375,,111.792,0,56119.11444444444,"GCN_circulars,INTEGRAL",-0.9844215,0.03961831,0.03961831
59,737,738,GRB120712A,GRB120712571,49343.814,Fermi_GBM,169.58854166666669,Swift,-20.03380555555556,Swift,6.472091691453557e-05,Swift,22.528,Fermi_GBM,5.431,Fermi_GBM,49343.814,Fermi_GBM,4.4305e-06,Fermi_GBM,4.5111e-08,Fermi_GBM,4.15,"GCN_circulars,Other",22.528,0,56120.571108958335,Fermi_GBM,6.104989,0.5572703,0.5572703
60,740,741,GRB120716A,GRB120716712,61503.908,Fermi_GBM,313.0875,IPN,9.55,IPN,2.0166666666666666,IPN,226.048,Fermi_GBM,1.056,Fermi_GBM,61504.164,Fermi_GBM,1.2651e-05,Fermi_GBM,3.2161e-08,Fermi_GBM,2.486,,226.304,0,56124.71185078704,Fermi_GBM,-0.8945702,0.2148574,0.2148574
61,744,745,GRB120729A,GRB120729456,39371.641,Fermi_GBM,13.074291666666667,Swift,49.93975,Swift,6.472091691453557e-05,Swift,25.472,Fermi_GBM,2.612,Fermi_GBM,39371.641,Fermi_GBM,5.0787e-06,Fermi_GBM,5.2985e-08,Fermi_GBM,0.8,"GCN_circulars,Other",73.859,0,56137.45569028935,Fermi_GBM,-1.561699,0.06955421,0.06955421
62,754,755,GRB120811C,GRB120811649,56087.924,Fermi_GBM,199.68258333333333,Swift,62.300777777777775,Swift,6.730975359111699e-05,Swift,14.336,Fermi_GBM,6.557,Fermi_GBM,56087.924,Fermi_GBM,3.4466e-06,Fermi_GBM,2.1134e-07,Fermi_GBM,2.671,,30.876,0,56150.64916578704,Fermi_GBM,-0.702753,2.68651,2.68651
63,763,764,GRB120907A,GRB120907017,1462.591,Fermi_GBM,74.75,Swift,-9.315,Swift,6.730975359111699e-05,Swift,5.76,Fermi_GBM,1.778,Fermi_GBM,1462.591,Fermi_GBM,8.0914e-07,Fermi_GBM,4.0838e-08,Fermi_GBM,0.97,"GCN_circulars,Other",17.309,0,56177.016928136574,Fermi_GBM,-0.8553199,0.2827887,0.2827887
64,764,765,GRB120909A,GRB120909070,6081.63,Fermi_GBM,275.7365416666667,Swift,-59.44861111111111,Swift,0.0001812185673606,Swift,112.066,Fermi_GBM,10.419,Fermi_GBM,6081.63,Fermi_GBM,9.848e-06,Fermi_GBM,1.5373e-07,Fermi_GBM,3.93,"GCN_circulars,Optical",112.066,0,56179.07038923611,Fermi_GBM,-0.8435762,0.1609125,0.1609125
65,774,775,GRB120922A,GRB120922939,81015.808,Fermi_GBM,234.7483333333333,Swift,-20.18175,Swift,8.413719198889624e-05,Swift,182.275,Fermi_GBM,19.777,Fermi_GBM,81015.808,Fermi_GBM,8.208e-06,Fermi_GBM,1.6867e-07,Fermi_GBM,3.1,,185.192,0,56192.93768296296,Fermi_GBM,-0.5366461,0.4619222,0.4619222
66,779,780,GRB121011A,GRB121011469,40525.0,Fermi_LAT,260.21345833333334,Swift,41.11030555555556,Swift,6.730975359111699e-05,Swift,65.793,Fermi_GBM,4.382,Fermi_GBM,40526.721,Fermi_GBM,3.9843e-06,Fermi_GBM,3.626e-08,Fermi_GBM,0.58,"GCN_circulars,retraction",80.6,0,56211.469039351854,Fermi_LAT,-0.804062,0.2843763,0.2843763
67,789,790,GRB121031A,GRB121031949,82007.875,Fermi_GBM,170.77020833333333,Swift,-3.517027777777778,Swift,0.0001812185673606,Swift,242.436,Fermi_GBM,4.404,Fermi_GBM,82007.875,Fermi_GBM,1.454e-05,Fermi_GBM,1.3755e-07,Fermi_GBM,0.1126,"GCN_circulars,Swift Det",448.125,0,56231.94916521991,Fermi_GBM,-0.8978037,0.2163047,0.2163047
68,795,796,GRB121123A,GRB121123421,36161.0,"GCN_circulars,Swift Det",307.3179166666667,Swift,-11.85988888888889,Swift,5.69544068847913e-05,Swift,102.338,Fermi_GBM,31.849,Fermi_GBM,36364.426,Fermi_GBM,2.1978e-05,Fermi_GBM,7.8803e-07,Fermi_GBM,2.7,"GCN_circulars,GROND",317.0,0,56254.41853009259,"GCN_circulars,Swift Det",-0.4496164,0.2316975,0.2316975
69,798,799,GRB121128A,GRB121128212,18337.0,"GCN_circulars,Swift Det",300.6,Swift,54.29975,Swift,6.472091691453557e-05,Swift,17.344,Fermi_GBM,0.923,Fermi_GBM,18350.191,Fermi_GBM,9.2979e-06,Fermi_GBM,1.1379e-07,Fermi_GBM,2.2,,30.535,0,56259.21223379629,"GCN_circulars,Swift Det",-0.6837352,0.08970299,0.08970299
70,803,804,GRB121211A,GRB121211574,49620.518,Fermi_GBM,195.53329166666663,Swift,30.1485,Swift,6.730975359111699e-05,Swift,5.632,Fermi_GBM,1.717,Fermi_GBM,49620.518,Fermi_GBM,6.4144e-07,Fermi_GBM,3.9522e-08,Fermi_GBM,1.023,,183.482,0,56272.574311550925,Fermi_GBM,-0.2935856,0.417642,0.417642
71,805,806,GRB121217A,GRB121217313,26194.155,Fermi_GBM,153.70966666666666,Swift,-62.35091666666667,Swift,7.766510029744268e-05,Swift,828.672,Fermi_GBM,11.363,Fermi_GBM,26194.155,Fermi_GBM,6.7667e-06,Fermi_GBM,6.5604e-08,Fermi_GBM,0.8,"GCN_circulars,Other",850.845,0,56278.30317309028,Fermi_GBM,-0.8883399,0.3863979,0.3863979
72,818,819,GRB130215A,GRB130215063,5480.392000000001,Fermi_GBM,43.486,Swift,13.387,Swift,0.0116497650446164,Swift,143.746,Fermi_GBM,13.029,Fermi_GBM,5480.392000000001,Fermi_GBM,1.8583e-05,Fermi_GBM,3.2686e-07,Fermi_GBM,0.597,,143.746,0,56338.06343046296,Fermi_GBM,-1.059086,0.2642506,0.2642506
73,838,839,GRB130420A,GRB130420313,26909.0,"GCN_circulars,Swift Det",196.10645833333336,Swift,59.424194444444446,Swift,6.472091691453557e-05,Swift,104.962,Fermi_GBM,8.809,Fermi_GBM,26960.276,Fermi_GBM,1.1593e-05,Fermi_GBM,2.4326e-07,Fermi_GBM,1.297,Swift,156.238,0,56402.31144675926,"GCN_circulars,Swift Det",-0.936551,0.4952698,0.4952698
74,841,842,GRB130427A,GRB130427324,28026.0,Fermi_LAT,173.13595833333332,Swift,27.697694444444444,Swift,0.0004530464184017,Swift,138.242,Fermi_GBM,3.238,Fermi_GBM,28030.516,Fermi_GBM,0.002462,Fermi_GBM,1.238e-06,Fermi_GBM,0.34,,213.83,0,56409.324375,Fermi_LAT,-1.017697,0.005954202,0.005954202
75,855,856,GRB130518A,GRB130518580,50077.0,Fermi_LAT,355.66781,Fermi_LAT,47.46493,Fermi_LAT,0.000138885,Fermi_LAT,48.577,Fermi_GBM,0.916,Fermi_GBM,50087.445,Fermi_GBM,9.4591e-05,Fermi_GBM,1.5428e-07,Fermi_GBM,2.489,,59.022,0,56430.57959490741,Fermi_LAT,-0.8628715,0.03136229,0.03136229
76,872,873,GRB130610A,GRB130610133,11527.942,Fermi_GBM,224.42033333333333,Swift,28.207166666666662,Swift,6.601533525282628e-05,Swift,21.76,Fermi_GBM,1.639,Fermi_GBM,11527.942,Fermi_GBM,3.5444e-06,Fermi_GBM,4.5972e-08,Fermi_GBM,2.092,"GCN_circulars,Swift-XRT Other",51.458,0,56453.13342525463,Fermi_GBM,-1.594516,0.2828093,0.2828093
77,874,875,GRB130612A,GRB130612141,12140.801,Fermi_GBM,259.79408333333333,Swift,16.71997222222222,Swift,6.86041719294077e-05,Swift,7.424,Fermi_GBM,6.192,Fermi_GBM,12140.801,Fermi_GBM,6.8023e-07,Fermi_GBM,6.2593e-08,Fermi_GBM,2.006,,7.424,0,56455.14051853009,Fermi_GBM,0.3295284,2.058569,2.058569
78,885,886,GRB130702A,GRB130702004,323.0,Fermi_LAT,217.31158,Fermi_LAT,15.774,Fermi_LAT,0.0,Fermi_LAT,58.881,Fermi_GBM,6.192,Fermi_GBM,323.847,Fermi_GBM,5.7156e-06,Fermi_GBM,1.2069e-07,Fermi_GBM,0.145,"GCN_circulars,Optical",59.728,0,56475.00373842593,Fermi_LAT,-0.1735517,28.15692,28.15692
79,913,914,GRB130925A,GRB130925164,14179.446,Fermi_GBM,41.17904166666666,Swift,-26.153194444444445,Swift,0.0001812185673606,Swift,6.4,Fermi_GBM,2.429,Fermi_GBM,14179.446,Fermi_GBM,6.3406e-07,Fermi_GBM,2.748e-08,Fermi_GBM,0.347,"GCN_circulars,Optical",215.555,0,56560.16411395833,Fermi_GBM,0.7098026,8.422412,8.422412
80,919,920,GRB131004A,GRB131004904,78063.0,"GCN_circulars,Swift Det",296.112875,Swift,-2.9584444444444444,Swift,7.119300860598914e-05,Swift,1.152,Fermi_GBM,0.59,Fermi_GBM,78063.49,Fermi_GBM,5.0994e-07,Fermi_GBM,1.9109e-08,Fermi_GBM,0.717,"GCN_circulars,Optical",1.642,0,56569.90350694444,"GCN_circulars,Swift Det",-1.364347,0.4917393,0.4917393
81,920,921,GRB131011A,GRB131011741,64050.363,Fermi_GBM,2.0,"GCN_circulars,Optical",-4.0,"GCN_circulars,Optical",0.0001,"GCN_circulars,Optical",77.057,Fermi_GBM,2.996,Fermi_GBM,64050.363,Fermi_GBM,8.8767e-06,Fermi_GBM,6.4368e-08,Fermi_GBM,1.874,,77.057,0,56576.74132364583,Fermi_GBM,-0.8778136,0.4336878,0.4336878
82,931,932,GRB131105A,GRB131105087,7484.0,"GCN_circulars,Swift Det",70.96741666666667,Swift,-62.99519444444445,Swift,0.0001812185673606,Swift,112.642,Fermi_GBM,0.462,Fermi_GBM,7495.987,Fermi_GBM,2.3777e-05,Fermi_GBM,1.1076e-07,Fermi_GBM,1.686,,124.629,0,56601.08662037037,"GCN_circulars,Swift Det",-1.263348,0.06248273,0.06248273
83,932,933,GRB131108A,GRB131108862,74512.947,"GCN_circulars,Konus-Wind Det",156.502,Fermi_LAT,9.6622361,Fermi_LAT,0.0001389,Fermi_LAT,18.176,Fermi_GBM,0.572,Fermi_GBM,74516.07900000001,Fermi_GBM,3.5676e-05,Fermi_GBM,1.3445e-07,Fermi_GBM,2.4,"GCN_circulars,Fermi LAT Other",21.308,0,56604.86241836806,"GCN_circulars,Konus-Wind Det",-0.9139562,0.06213379,0.06213379
84,943,944,GRB131202A,GRB131202633,54726.499,Fermi_GBM,344.05425,Swift,-21.662472222222224,Swift,0.0002071069341265,Swift,19.968,Fermi_GBM,7.748,Fermi_GBM,54726.499,Fermi_GBM,8.1695e-07,Fermi_GBM,5.258e-08,Fermi_GBM,7.5,,32.901,0,56628.63340855324,Fermi_GBM,-0.9056658,0.3891455,0.3891455
85,954,955,GRB131231A,GRB131231198,17116.08,Fermi_LAT,10.590271,Fermi_LAT,-1.6529472,Fermi_LAT,8.3e-05,Fermi_LAT,31.232,Fermi_GBM,0.572,Fermi_GBM,17129.395,Fermi_GBM,0.00015194,Fermi_GBM,1.1938e-07,Fermi_GBM,0.642,"GCN_circulars,Optical",44.547,0,56657.19810277778,Fermi_LAT,-1.217703,0.02152276,0.02152276
86,960,961,GRB140108A,GRB140108721,62322.0,"GCN_circulars,Swift Det",325.11229166666664,Swift,58.744416666666666,Swift,0.0001812185673606,Swift,91.393,Fermi_GBM,2.36,Fermi_GBM,62324.524,Fermi_GBM,1.9727e-05,Fermi_GBM,2.4767e-07,Fermi_GBM,0.6,"GCN_circulars,Swift-XRT Other",94.0,0,56665.72131944444,"GCN_circulars,Swift Det",-1.292009,0.06958497,0.06958497
87,966,967,GRB140206A,GRB140206304,26240.0,"GCN_circulars,Swift Det",145.3344166666667,Swift,66.76072222222223,Swift,6.472091691453557e-05,Swift,27.264,Fermi_GBM,1.243,Fermi_GBM,26296.495,Fermi_GBM,1.552e-05,Fermi_GBM,7.4778e-08,Fermi_GBM,2.73,"GCN_circulars,Optical",93.6,0,56694.30370370371,"GCN_circulars,Swift Det",0.05490198,0.2084185,0.2084185
88,970,971,GRB140213A,GRB140213807,69692.348,Fermi_GBM,105.15470833333336,Swift,-73.13708333333334,Swift,6.601533525282628e-05,Swift,18.624,Fermi_GBM,0.716,Fermi_GBM,69693.116,Fermi_GBM,2.1248e-05,Fermi_GBM,6.5441e-08,Fermi_GBM,1.2076,"GCN_circulars,Optical",64.652,0,56701.80662439815,Fermi_GBM,-1.125799,0.05554908,0.05554908
89,977,978,GRB140304A,GRB140304557,48146.10600000001,Fermi_GBM,30.642750000000003,Swift,33.47380555555556,Swift,0.0002071069341265,Swift,31.232,Fermi_GBM,8.719,Fermi_GBM,48146.10600000001,Fermi_GBM,2.4286e-06,Fermi_GBM,3.1646e-08,Fermi_GBM,5.283,"GCN_circulars,Optical",31.232,0,56720.55724659722,Fermi_GBM,-0.7892664,0.5372197,0.5372197
90,996,997,GRB140408A,GRB140408553,47754.0,"GCN_circulars,Swift Det",290.71595833333333,Swift,-12.595138888888888,Swift,0.0002329953008923,Swift,7.68,Fermi_GBM,3.367,Fermi_GBM,47754.218,Fermi_GBM,6.571e-07,Fermi_GBM,5.4178e-08,Fermi_GBM,4.0,"GCN_circulars,GROND",7.898,0,56755.552708333336,"GCN_circulars,Swift Det",1.166238,18.94585,18.94585
91,1002,1003,GRB140423A,GRB140423356,30691.98,Fermi_GBM,197.2855833333333,Swift,49.8415,Swift,6.213208023795415e-05,Swift,95.233,Fermi_GBM,11.585,Fermi_GBM,30691.98,Fermi_GBM,1.8062e-05,Fermi_GBM,1.2224e-07,Fermi_GBM,3.26,"GCN_circulars,Other",155.02,0,56770.35523125,Fermi_GBM,-0.5541599,0.4134865,0.4134865
92,1008,1009,GRB140506A,GRB140506880,76052.909,Fermi_GBM,276.7751666666666,Swift,-55.63575,Swift,5.565998854650059e-05,Swift,64.128,Fermi_GBM,2.005,Fermi_GBM,76052.909,Fermi_GBM,6.5933e-06,Fermi_GBM,1.1836e-07,Fermi_GBM,0.889,,114.191,0,56783.88024200231,Fermi_GBM,-1.17951,0.1982788,0.1982788
93,1009,1010,GRB140508A,GRB140508128,11034.598,Fermi_GBM,255.6291666666667,IPN,46.75,IPN,1.5,IPN,44.288,Fermi_GBM,0.231,Fermi_GBM,11037.414,Fermi_GBM,6.1432e-05,Fermi_GBM,1.2084e-07,Fermi_GBM,1.0285,,47.104,0,56785.12771525463,Fermi_GBM,-1.181758,0.040205,0.040205
94,1012,1013,GRB140512A,GRB140512814,70302.5,"GCN_circulars,Fermi GBM Det",289.36991666666665,Swift,-15.094222222222225,Swift,7.89595186357334e-05,Swift,147.97,Fermi_GBM,2.36,Fermi_GBM,70304.54999999999,Fermi_GBM,2.9345e-05,Fermi_GBM,8.1353e-08,Fermi_GBM,0.725,"GCN_circulars,Other",161.3,0,56789.81368634259,"GCN_circulars,Fermi GBM Det",-1.225353,0.05188626,0.05188626
95,1023,1024,GRB140606B,GRB140606133,11510.769,"GCN_circulars,Konus-Wind Det",327.75,IPN,33.68333333333333,IPN,3.0,IPN,22.784,Fermi_GBM,2.064,Fermi_GBM,11512.118,Fermi_GBM,7.5928e-06,Fermi_GBM,4.4719e-08,Fermi_GBM,0.384,"GCN_circulars,Optical",24.133,0,56814.13322649305,"GCN_circulars,Konus-Wind Det",-1.239349,0.05213189,0.05213189
96,1032,1033,GRB140620A,GRB140620219,18914.193,Fermi_GBM,281.87083333333334,IPN,49.73333333333333,IPN,2.0,IPN,45.825,Fermi_GBM,12.13,Fermi_GBM,18914.193,Fermi_GBM,6.1453e-06,Fermi_GBM,6.403e-08,Fermi_GBM,2.04,IPN,45.825,0,56828.21891427083,Fermi_GBM,-0.8496537,0.4515223,0.4515223
97,1036,1037,GRB140623A,GRB140623224,19280.777,Fermi_GBM,225.47927,"GCN_circulars,Swift-XRT Other",81.19049,"GCN_circulars,Swift-XRT Other",,,111.104,Fermi_GBM,3.999,Fermi_GBM,19280.777,Fermi_GBM,3.219e-06,Fermi_GBM,4.777e-08,Fermi_GBM,1.92,IPN,111.104,0,56831.223157141205,Fermi_GBM,-1.421947,0.1937808,0.1937808
98,1041,1042,GRB140703A,GRB140703026,2227.19,Fermi_GBM,12.995708333333331,Swift,45.10191666666667,Swift,0.0001812185673606,Swift,83.969,Fermi_GBM,2.996,Fermi_GBM,2227.958,Fermi_GBM,7.5662e-06,Fermi_GBM,5.089e-08,Fermi_GBM,3.14,,84.737,0,56841.02577766204,Fermi_GBM,-1.266935,0.1604017,0.1604017
99,1057,1058,GRB140801A,GRB140801792,68393.257,Fermi_GBM,44.06877,"GCN_circulars,Swift-XRT Other",30.93799,"GCN_circulars,Swift-XRT Other",,,7.168,Fermi_GBM,0.572,Fermi_GBM,68394.025,Fermi_GBM,1.2356e-05,Fermi_GBM,4.1622e-08,Fermi_GBM,1.32,"GCN_circulars,Other",7.936,0,56870.79158862269,Fermi_GBM,-0.3845633,0.07564877,0.07564877
100,1058,1059,GRB140808A,GRB140808038,3239.264,"GCN_circulars,Konus-Wind Det",221.22196,"GCN_circulars,Swift-XRT Other",49.21463,"GCN_circulars,Swift-XRT Other",,,4.477,Fermi_GBM,0.362,Fermi_GBM,3240.621,Fermi_GBM,3.2122e-06,Fermi_GBM,3.2739e-08,Fermi_GBM,3.29,"GCN_circulars,Optical",5.834,0,56877.03749148148,"GCN_circulars,Konus-Wind Det",-0.4222697,0.1611077,0.1611077
101,1070,1071,GRB140829A,GRB140829880,76046.442,Fermi_GBM,250.558916666667,"GCN_circulars,Optical",50.12869444444444,"GCN_circulars,Optical",,,77.568,Fermi_GBM,2.064,Fermi_GBM,76046.442,Fermi_GBM,5.3902e-06,Fermi_GBM,1.2456e-07,Fermi_GBM,0.483,"GCN_circulars,Optical",77.568,0,56898.880167152776,Fermi_GBM,-0.6596146,0.5438808,0.5438808
102,1074,1075,GRB140906A,GRB140906175,15087.176,Fermi_GBM,252.141708333333,"GCN_circulars,Optical",55.55144444444444,"GCN_circulars,Optical",,,37.633,Fermi_GBM,9.691,Fermi_GBM,15087.176,Fermi_GBM,1.5513e-06,Fermi_GBM,4.336e-08,Fermi_GBM,0.0838,"GCN_circulars,Optical",37.633,0,56906.17462009259,Fermi_GBM,-0.8010914,0.3845231,0.3845231
103,1075,1076,GRB140907A,GRB140907672,58021.307,Fermi_GBM,48.14574999999999,Swift,46.60486111111111,Swift,9.708137537180334e-05,Swift,35.841,Fermi_GBM,5.473,Fermi_GBM,58021.307,Fermi_GBM,6.4501e-06,Fermi_GBM,6.3631e-08,Fermi_GBM,1.21,"GCN_circulars,Optical",85.893,0,56907.67154290509,Fermi_GBM,-1.018401,0.2653471,0.2653471
104,1084,1085,GRB141004A,GRB141004973,84054.0,"GCN_circulars,Swift Det",76.73391666666667,Swift,12.819805555555556,Swift,5.565998854650059e-05,Swift,2.56,Fermi_GBM,0.607,Fermi_GBM,84054.03099999999,Fermi_GBM,1.1787e-06,Fermi_GBM,3.303e-08,Fermi_GBM,0.571,"GCN_circulars,Optical",3.92,0,56934.97284722222,"GCN_circulars,Swift Det",0.05629793,2.009114,2.009114
105,1094,1095,GRB141028A,GRB141028455,39286.78,"GCN_circulars,Fermi GBM Det",322.60226,Fermi_LAT,-0.231314,Fermi_LAT,0.0001389,Fermi_LAT,31.489,Fermi_GBM,2.429,Fermi_GBM,39293.439000000006,Fermi_GBM,3.4781e-05,Fermi_GBM,8.9141e-08,Fermi_GBM,2.33,"GCN_circulars,Optical",38.148,0,56958.45470810185,"GCN_circulars,Fermi GBM Det",-0.8420234,0.04600394,0.04600394
106,1103,1104,GRB141118A,GRB141118678,58548.54,"GCN_circulars,Konus-Wind Det",156.875,IPN,19.08333333333333,IPN,5.0,IPN,4.352,Fermi_GBM,0.572,Fermi_GBM,58549.03,Fermi_GBM,3.2983e-06,Fermi_GBM,2.8093e-08,Fermi_GBM,0.108,"GCN_circulars,iPTF",4.842,0,56979.67764513889,"GCN_circulars,Konus-Wind Det",-0.7864178,0.122995,0.122995
107,1113,1114,GRB141220A,GRB141220252,21771.59,Fermi_GBM,195.0656666666667,Swift,32.146388888888886,Swift,5.824882522308201e-05,Swift,7.616,Fermi_GBM,0.923,Fermi_GBM,21771.59,Fermi_GBM,5.3386e-06,Fermi_GBM,3.5071e-08,Fermi_GBM,1.3195,"GCN_circulars,Other",7.62,0,57011.25198599537,Fermi_GBM,-0.8323624,0.06863409,0.06863409
108,1114,1115,GRB141221A,GRB141221338,29222.512,Fermi_GBM,198.2867083333333,Swift,8.205222222222222,Swift,5.565998854650059e-05,Swift,23.808,Fermi_GBM,1.717,Fermi_GBM,29222.512,Fermi_GBM,4.0682e-06,Fermi_GBM,6.2784e-08,Fermi_GBM,1.452,,44.388,0,57012.33822351852,Fermi_GBM,-0.8051333,0.1793701,0.1793701
109,1116,1117,GRB141225A,GRB141225959,82867.0,"GCN_circulars,Swift Det",138.77883333333332,Swift,33.791916666666665,Swift,8.543161032718694e-05,Swift,56.32,Fermi_GBM,4.891,Fermi_GBM,82873.305,Fermi_GBM,3.7317e-06,Fermi_GBM,3.7233e-08,Fermi_GBM,0.915,,62.625,0,57016.9591087963,"GCN_circulars,Swift Det",-0.2981787,0.9642295,0.9642295
110,1121,1122,GRB150101B,GRB150101641,55380.0,Swift,188.02054166666667,Swift,-10.933555555555555,Swift,0.0002329953008923,Swift,0.08,Fermi_GBM,0.928,Fermi_GBM,55414.452,Fermi_GBM,2.3809e-07,Fermi_GBM,1.5091e-08,Fermi_GBM,0.134,"GCN_circulars,Swift Other",34.532,0,57023.64097222222,Swift,1.658856,1.487899,1.487899
111,1127,1128,GRB150120A,GRB150120123,10666.0,"GCN_circulars,Swift Det",10.318916666666668,Swift,33.99486111111111,Swift,0.0002329953008923,Swift,3.328,Fermi_GBM,1.382,Fermi_GBM,10666.365,Fermi_GBM,3.3498e-07,Fermi_GBM,2.1667e-08,Fermi_GBM,0.46,,3.693,0,57042.12344907408,"GCN_circulars,Swift Det",0.1062512,5670.917,5670.917
112,1151,1152,GRB150301B,GRB150301818,70684.0,"GCN_circulars,Swift Det",89.16620833333333,Swift,-57.96955555555556,Swift,5.436557020820988e-05,Swift,13.312,Fermi_GBM,1.557,Fermi_GBM,70684.25700000001,Fermi_GBM,3.0852e-06,Fermi_GBM,2.9774e-08,Fermi_GBM,1.5169,"GCN_circulars,Other",13.569,0,57082.81810185185,"GCN_circulars,Swift Det",-1.049045,0.1482207,0.1482207
113,1157,1158,GRB150314A,GRB150314205,17690.0,Fermi_LAT,126.67041666666668,Swift,63.83430555555555,Swift,0.0002200511175094,Swift,10.688,Fermi_GBM,0.143,Fermi_GBM,17691.462,Fermi_GBM,8.1592e-05,Fermi_GBM,1.2798e-07,Fermi_GBM,1.758,,40.79,0,57095.20474537037,Fermi_LAT,-0.6791869,0.03040552,0.03040552
114,1165,1166,GRB150403A,GRB150403913,78850.95,Fermi_LAT,311.5047916666667,Swift,-62.71138888888889,Swift,5.436557020820988e-05,Swift,22.272,Fermi_GBM,0.81,Fermi_GBM,78854.28,Fermi_GBM,5.4707e-05,Fermi_GBM,5.5299e-08,Fermi_GBM,2.06,,45.95,0,57115.91262673611,Fermi_LAT,-0.8732561,0.03498781,0.03498781
115,1182,1183,GRB150514A,GRB150514774,66905.13,"GCN_circulars,Konus-Wind Det",74.87623,Fermi_LAT,-60.96841,Fermi_LAT,0.0001194,Fermi_LAT,10.813,Fermi_GBM,1.072,Fermi_GBM,66905.355,Fermi_GBM,4.7356e-06,Fermi_GBM,4.8477e-08,Fermi_GBM,0.807,"GCN_circulars,Optical",11.038,0,57156.77436493056,"GCN_circulars,Konus-Wind Det",-1.206043,0.1526363,0.1526363
116,1206,1207,GRB150727A,GRB150727793,68514.812,Fermi_GBM,203.9688333333333,Swift,-18.325333333333333,Swift,5.69544068847913e-05,Swift,49.409,Fermi_GBM,3.974,Fermi_GBM,68514.812,Fermi_GBM,4.4241e-06,Fermi_GBM,5.8594e-08,Fermi_GBM,0.313,"GCN_circulars,Other",95.188,0,57230.79299550926,Fermi_GBM,0.1314267,1.705253,1.705253
117,1217,1218,GRB150821A,GRB150821406,35040.0,"GCN_circulars,Swift Det",341.91324999999995,Swift,-57.89391666666667,Swift,7.89595186357334e-05,Swift,103.426,Fermi_GBM,5.753,Fermi_GBM,35064.428,Fermi_GBM,5.2114e-05,Fermi_GBM,2.837e-07,Fermi_GBM,0.755,,172.1,0,57255.40555555555,"GCN_circulars,Swift Det",-1.243978,0.09155446,0.09155446
118,1242,1243,GRB151027A,GRB151027166,14304.0,"GCN_circulars,Swift Det",272.486875,Swift,61.35330555555556,Swift,0.0001812185673606,Swift,123.394,Fermi_GBM,1.145,Fermi_GBM,14304.289,Fermi_GBM,1.4069e-05,Fermi_GBM,6.0969e-08,Fermi_GBM,0.81,"GCN_circulars,Swift-XRT Other",129.69,0,57322.16555555556,"GCN_circulars,Swift Det",-1.246813,0.1006381,0.1006381
119,1249,1250,GRB151111A,GRB151111356,30800.028,Fermi_GBM,56.844791666666666,Swift,-44.16147222222222,Swift,0.0001941627507436,Swift,46.336,Fermi_GBM,4.382,Fermi_GBM,30800.796,Fermi_GBM,2.2064e-06,Fermi_GBM,3.1065e-08,Fermi_GBM,3.5,,79.902,0,57337.35648180555,Fermi_GBM,-0.07834093,0.7441232,0.7441232
120,1276,1277,GRB160104A,GRB160104475,41049.636,Fermi_GBM,76.79604166666667,Swift,11.32375,Swift,8.284277365060552e-05,Swift,8.704,Fermi_GBM,2.896,Fermi_GBM,41049.636,Fermi_GBM,4.8186e-07,Fermi_GBM,2.1459e-08,Fermi_GBM,2.8,"GCN_circulars,Other",16.564,0,57391.475111527776,Fermi_GBM,1.190527,11.46627,11.46627
121,1328,1329,GRB160509A,GRB160509374,32326.219,Fermi_GBM,311.75371,Fermi_LAT,76.108033,Fermi_LAT,6.94425e-05,Fermi_LAT,369.67,Fermi_GBM,0.81,Fermi_GBM,32334.411,Fermi_GBM,0.00017898,Fermi_GBM,1.4957e-07,Fermi_GBM,1.17,"GCN_circulars,Optical",377.862,0,57517.37414605324,Fermi_GBM,-1.015369,0.02325594,0.02325594
122,1341,1342,GRB160623A,GRB160623209,17977.594,"GCN_circulars,Konus-Wind Det",315.2967,Fermi_LAT,42.2205,Fermi_LAT,0.000972,Fermi_LAT,107.776,Fermi_GBM,8.693,Fermi_GBM,18032.946,Fermi_GBM,3.9564e-06,Fermi_GBM,6.8702e-08,Fermi_GBM,0.367,"GCN_circulars,Optical",163.128,0,57562.20807400463,"GCN_circulars,Konus-Wind Det",-1.494634,0.241914,0.241914
123,1342,1343,GRB160624A,GRB160624477,41221.0,"GCN_circulars,Swift Det",330.19258333333335,Swift,29.64377777777778,Swift,0.0002200511175094,Swift,0.384,Fermi_GBM,0.405,Fermi_GBM,41221.097,Fermi_GBM,3.9236e-07,Fermi_GBM,8.4625e-09,Fermi_GBM,0.483,"GCN_circulars,Swift Other",0.481,0,57563.47709490741,"GCN_circulars,Swift Det",-0.6294122,0.5920786,0.5920786
124,1344,1345,GRB160625B,GRB160625945,81615.28,Fermi_LAT,308.59792,Fermi_LAT,6.9189167,Fermi_LAT,0.000139,Fermi_LAT,453.385,Fermi_GBM,0.572,Fermi_GBM,81804.726,Fermi_GBM,0.00064256,Fermi_GBM,1.8454e-07,Fermi_GBM,1.406,,642.831,0,57564.94462129629,Fermi_LAT,-0.9340919,0.01350886,0.01350886
125,1346,1347,GRB160629A,GRB160629930,80370.0,"GCN_circulars,INTEGRAL",4.820833333333334,IPN,76.98333333333333,IPN,0.0516666666666666,IPN,64.769,Fermi_GBM,0.923,Fermi_GBM,80381.61,Fermi_GBM,1.3146e-05,Fermi_GBM,3.5169e-08,Fermi_GBM,3.332,"GCN_circulars,Optical",76.379,0,57568.93020833333,"GCN_circulars,INTEGRAL",-1.015704,0.1005905,0.1005905
126,1359,1360,GRB160804A,GRB160804065,5567.0,"GCN_circulars,Swift Det",221.62975,Swift,9.999083333333331,Swift,5.69544068847913e-05,Swift,131.586,Fermi_GBM,21.723,Fermi_GBM,5605.348999999999,Fermi_GBM,1.6155e-05,Fermi_GBM,2.48e-07,Fermi_GBM,0.736,"GCN_circulars,Swift-BAT Det",169.935,0,57604.06443287037,"GCN_circulars,Swift Det",-1.030318,0.4247167,0.4247167
127,1366,1367,GRB160821B,GRB160821937,80953.0,"GCN_circulars,Swift Det",279.9762083333333,Swift,62.391444444444446,Swift,0.0002847720344239,Swift,1.088,Fermi_GBM,0.977,Fermi_GBM,80953.269,Fermi_GBM,1.9536e-07,Fermi_GBM,2.0238e-08,Fermi_GBM,0.16,"GCN_circulars,Other",1.357,0,57621.93695601852,"GCN_circulars,Swift Det",-0.7654317,0.654335,0.654335
128,1379,1380,GRB161001A,GRB161001045,3916.0,"GCN_circulars,Swift Det",71.91995833333333,Swift,-57.26083333333333,Swift,0.0001812185673606,Swift,2.24,Fermi_GBM,0.232,Fermi_GBM,3916.59,Fermi_GBM,1.7635e-06,Fermi_GBM,1.5212e-08,Fermi_GBM,0.891,"GCN_circulars,Other",2.83,0,57662.04532407408,"GCN_circulars,Swift Det",-0.939523,0.09302208,0.09302208
129,1385,1386,GRB161014A,GRB161014522,45072.586,Fermi_GBM,332.64775000000003,Swift,7.468694444444444,Swift,0.0001164976504461,Swift,36.609,Fermi_GBM,1.493,Fermi_GBM,45072.586,Fermi_GBM,6.0981e-06,Fermi_GBM,4.6691e-08,Fermi_GBM,2.823,"GCN_circulars,Other",36.609,0,57675.52167344908,Fermi_GBM,-0.7569373,0.1278938,0.1278938
130,1387,1388,GRB161017A,GRB161017745,64308.808000000005,Fermi_GBM,142.76916666666668,Swift,43.12675,Swift,5.436557020820988e-05,Swift,37.888,Fermi_GBM,10.861,Fermi_GBM,64308.808000000005,Fermi_GBM,4.8642e-06,Fermi_GBM,6.3067e-08,Fermi_GBM,2.013,"GCN_circulars,Other",218.492,0,57678.74431490741,Fermi_GBM,-1.030403,0.1424991,0.1424991
131,1398,1399,GRB161117A,GRB161117066,5731.357,Fermi_GBM,322.0522916666667,Swift,-29.61363888888889,Swift,5.69544068847913e-05,Swift,122.178,Fermi_GBM,0.659,Fermi_GBM,5735.453,Fermi_GBM,3.1218e-05,Fermi_GBM,1.0679e-07,Fermi_GBM,1.549,,130.343,0,57709.06633515046,Fermi_GBM,-0.8111083,0.1804556,0.1804556
132,1401,1402,GRB161129A,GRB161129300,25899.0,"GCN_circulars,Swift Det",316.2275,Swift,32.13486666666667,Swift,7.766510029744268e-05,Swift,36.096,Fermi_GBM,0.724,Fermi_GBM,25905.336,Fermi_GBM,6.5385e-06,Fermi_GBM,4.3002e-08,Fermi_GBM,0.645,,42.432,0,57721.29975694444,"GCN_circulars,Swift Det",-1.036987,0.1441641,0.1441641
133,1418,1419,GRB170113A,GRB170113420,36245.0,"GCN_circulars,Swift Det",61.73275000000001,Swift,-71.94302777777777,Swift,5.69544068847913e-05,Swift,49.152,Fermi_GBM,4.136,Fermi_GBM,36246.014,Fermi_GBM,2.0371e-06,Fermi_GBM,7.9106e-08,Fermi_GBM,1.968,"GCN_circulars,Optical",50.166,0,57766.41950231481,"GCN_circulars,Swift Det",-1.703981,0.7058533,0.7058533
134,1438,1439,GRB170214A,GRB170214649,56065.92,Fermi_LAT,256.34125,Fermi_LAT,-1.8876944,Fermi_LAT,0.000194,Fermi_LAT,122.882,Fermi_GBM,0.724,Fermi_GBM,56079.468,Fermi_GBM,0.00017692,Fermi_GBM,1.2722e-07,Fermi_GBM,2.53,,136.43,0,57798.64891111111,Fermi_LAT,-0.9788365,0.06600303,0.06600303
135,1458,1459,GRB170405A,GRB170405777,67162.886,Fermi_GBM,219.82804166666668,Swift,-25.243166666666667,Swift,5.436557020820988e-05,Swift,78.593,Fermi_GBM,0.572,Fermi_GBM,67170.31,Fermi_GBM,7.3963e-05,Fermi_GBM,6.6154e-08,Fermi_GBM,3.51,,189.814,0,57848.77734821759,Fermi_GBM,-0.7993096,0.06784624,0.06784624
136,1480,1481,GRB170607A,GRB170607971,83879.439,Fermi_GBM,7.365916666666666,Swift,9.243333333333334,Swift,5.436557020820988e-05,Swift,20.928,Fermi_GBM,2.096,Fermi_GBM,83879.439,Fermi_GBM,9.4084e-06,Fermi_GBM,5.8779e-08,Fermi_GBM,0.557,,20.928,0,57911.97082684028,Fermi_GBM,-1.285714,0.1288029,0.1288029
137,1487,1488,GRB170705A,GRB170705115,9947.0,"GCN_circulars,Swift Det",191.70404166666663,Swift,18.30733333333333,Swift,5.824882522308201e-05,Swift,22.781,Fermi_GBM,1.377,Fermi_GBM,9951.036,Fermi_GBM,1.3382e-05,Fermi_GBM,6.3103e-08,Fermi_GBM,2.01,,217.3,0,57939.11512731481,"GCN_circulars,Swift Det",-0.9910936,0.08835638,0.08835638
138,1509,1510,GRB170817A,GRB170817529,45666.283,Fermi_GBM,191.75,IPN,-39.8,IPN,11.666666666666666,IPN,2.048,Fermi_GBM,0.466,Fermi_GBM,45666.283,Fermi_GBM,2.7914e-07,Fermi_GBM,1.7403e-08,Fermi_GBM,0.0093,IPN,2.048,0,57982.52854494213,Fermi_GBM,0.1485882,2.990664,2.990664
139,1520,1521,GRB170903A,GRB170903534,46146.253,Fermi_GBM,254.526,Swift,34.979083333333335,Swift,0.0001812185673606,Swift,25.6,Fermi_GBM,1.493,Fermi_GBM,46146.253,Fermi_GBM,3.4577e-06,Fermi_GBM,2.8792e-08,Fermi_GBM,0.886,,29.947,0,57999.534100150464,Fermi_GBM,-1.311573,0.185316,0.185316
140,1534,1535,GRB171010A,GRB171010792,68450.0,Fermi_LAT,66.74,Fermi_LAT,-10.53,Fermi_LAT,0.2,Fermi_LAT,107.266,Fermi_GBM,0.81,Fermi_GBM,68467.216,Fermi_GBM,0.00063279,Fermi_GBM,9.8525e-08,Fermi_GBM,0.32925,,124.482,0,58036.79224537037,Fermi_LAT,-1.088658,0.02296907,0.02296907
141,1561,1562,GRB171222A,GRB171222684,59099.0,"GCN_circulars,Swift Det",148.27766666666665,Swift,35.62663888888889,Swift,0.0002977162178068,Swift,80.384,Fermi_GBM,4.615,Fermi_GBM,59111.31,Fermi_GBM,3.187e-06,Fermi_GBM,3.7723e-08,Fermi_GBM,2.409,"GCN_circulars,Other",174.8,0,58109.6840162037,"GCN_circulars,Swift Det",-0.3712942,15.62023,15.62023
142,1574,1575,GRB180205A,GRB180205184,15923.601,Fermi_GBM,126.81975,Swift,11.541916666666667,Swift,5.436557020820988e-05,Swift,15.36,Fermi_GBM,1.448,Fermi_GBM,15923.601,Fermi_GBM,2.0606e-06,Fermi_GBM,9.8514e-08,Fermi_GBM,1.409,"GCN_circulars,Optical",21.199,0,58154.1843009375,Fermi_GBM,-0.7653306,1.154061,1.154061
143,1582,1583,GRB180314A,GRB180314030,2599.898,Fermi_GBM,99.26533333333334,Swift,-24.496111111111112,Swift,5.436557020820988e-05,Swift,22.016,Fermi_GBM,0.572,Fermi_GBM,2600.666,Fermi_GBM,1.3308e-05,Fermi_GBM,3.5807e-08,Fermi_GBM,1.445,"GCN_circulars,Optical",62.302,0,58191.03009141204,Fermi_GBM,-0.4038246,0.4583407,0.4583407
144,1624,1625,GRB180620B,GRB180620660,57035.543,Fermi_GBM,357.52125,Swift,-57.96225,Swift,9.708137537180334e-05,Swift,46.721,Fermi_GBM,1.332,Fermi_GBM,57035.543,Fermi_GBM,9.1061e-06,Fermi_GBM,9.341e-08,Fermi_GBM,1.1175,"GCN_circulars,Optical",200.257,0,58289.66013359954,Fermi_GBM,-1.205761,0.713498,0.713498
